time_bin,grid_x,grid_y,count
2024-08-15,60,-98,1
2024-08-15,60,-56,1
2024-08-15,60,-46,1
2024-08-15,60,-1,1
2024-08-15,60,4,1
2024-08-15,60,89,1
2024-08-15,60,94,1
2024-08-15,60,96,1
2024-08-15,61,-96,1
2024-08-15,61,-95,1
2024-08-15,61,-83,1
2024-08-15,61,-80,1
2024-08-15,61,-79,1
2024-08-15,61,-73,1
2024-08-15,61,-71,1
2024-08-15,61,-62,1
2024-08-15,61,-61,1
2024-08-15,61,-53,1
2024-08-15,61,-41,1
2024-08-15,61,-35,1
2024-08-15,61,-34,1
2024-08-15,61,-5,1
2024-08-15,61,6,1
2024-08-15,61,15,1
2024-08-15,61,87,1
2024-08-15,61,96,1
2024-08-15,61,97,2
2024-08-15,62,-90,1
2024-08-15,62,-55,1
2024-08-15,62,-42,1
2024-08-15,62,-31,1
2024-08-15,62,-27,1
2024-08-15,62,-21,1
2024-08-15,62,-17,1
2024-08-15,62,-3,1
2024-08-15,62,11,1
2024-08-15,62,14,1
2024-08-15,62,28,1
2024-08-15,62,37,2
2024-08-15,62,47,2
2024-08-15,62,53,1
2024-08-15,62,61,1
2024-08-15,62,67,1
2024-08-15,62,70,1
2024-08-15,62,80,1
2024-08-15,62,81,1
2024-08-15,62,82,1
2024-08-15,62,92,1
2024-08-15,63,-99,1
2024-08-15,63,-91,1
2024-08-15,63,-82,1
2024-08-15,63,-35,1
2024-08-15,63,-18,1
2024-08-15,63,-17,1
2024-08-15,63,-13,1
2024-08-15,63,-10,1
2024-08-15,63,-1,1
2024-08-15,63,47,1
2024-08-15,63,50,1
2024-08-15,63,54,1
2024-08-15,63,60,1
2024-08-15,63,66,1
2024-08-15,63,71,2
2024-08-15,63,91,1
2024-08-15,63,98,1
2024-08-15,64,-83,1
2024-08-15,64,-77,1
2024-08-15,64,-73,1
2024-08-15,64,-66,1
2024-08-15,64,-57,1
2024-08-15,64,-50,1
2024-08-15,64,-19,1
2024-08-15,64,-4,1
2024-08-15,64,11,1
2024-08-15,64,23,1
2024-08-15,64,26,1
2024-08-15,64,31,2
2024-08-15,64,37,1
2024-08-15,64,44,1
2024-08-15,64,56,1
2024-08-15,64,92,1
2024-08-15,64,99,1
2024-08-15,65,-90,1
2024-08-15,65,-85,1
2024-08-15,65,-77,1
2024-08-15,65,-70,1
2024-08-15,65,-60,1
2024-08-15,65,-45,1
2024-08-15,65,-40,1
2024-08-15,65,-31,1
2024-08-15,65,-3,1
2024-08-15,65,2,1
2024-08-15,65,3,1
2024-08-15,65,4,1
2024-08-15,65,18,1
2024-08-15,65,19,1
2024-08-15,65,46,1
2024-08-15,65,54,1
2024-08-15,65,56,1
2024-08-15,65,64,1
2024-08-15,65,80,1
2024-08-15,65,82,1
2024-08-15,66,-86,1
2024-08-15,66,-71,1
2024-08-15,66,-66,1
2024-08-15,66,-64,1
2024-08-15,66,-57,1
2024-08-15,66,-28,1
2024-08-15,66,-27,1
2024-08-15,66,-22,1
2024-08-15,66,-19,1
2024-08-15,66,-15,1
2024-08-15,66,15,1
2024-08-15,66,24,1
2024-08-15,66,34,1
2024-08-15,66,36,2
2024-08-15,66,40,1
2024-08-15,66,42,1
2024-08-15,66,92,1
2024-08-15,66,96,1
2024-08-15,67,-71,1
2024-08-15,67,-51,1
2024-08-15,67,-45,1
2024-08-15,67,-31,1
2024-08-15,67,-6,1
2024-08-15,67,-4,1
2024-08-15,67,-2,1
2024-08-15,67,3,1
2024-08-15,67,13,1
2024-08-15,67,14,1
2024-08-15,67,17,1
2024-08-15,67,18,1
2024-08-15,67,27,1
2024-08-15,67,35,1
2024-08-15,67,39,1
2024-08-15,67,68,1
2024-08-15,67,76,1
2024-08-15,67,94,1
2024-08-15,67,98,1
2024-08-15,68,-97,1
2024-08-15,68,-86,1
2024-08-15,68,-78,1
2024-08-15,68,-49,1
2024-08-15,68,-20,1
2024-08-15,68,-12,1
2024-08-15,68,-11,1
2024-08-15,68,-4,1
2024-08-15,68,15,1
2024-08-15,68,19,1
2024-08-15,68,20,2
2024-08-15,68,38,1
2024-08-15,68,79,1
2024-08-15,68,89,2
2024-08-15,68,95,1
2024-08-15,69,-96,1
2024-08-15,69,-81,1
2024-08-15,69,-80,1
2024-08-15,69,-75,1
2024-08-15,69,-56,1
2024-08-15,69,-40,1
2024-08-15,69,-6,1
2024-08-15,69,23,1
2024-08-15,69,34,1
2024-08-15,69,45,1
2024-08-15,69,51,1
2024-08-15,69,64,1
2024-08-15,69,67,1
2024-08-15,69,70,1
2024-08-15,69,71,1
2024-08-15,69,74,1
2024-08-15,69,81,2
2024-08-15,69,84,1
2024-08-15,69,93,1
2024-08-15,70,-90,1
2024-08-15,70,-89,1
2024-08-15,70,-86,1
2024-08-15,70,-80,1
2024-08-15,70,-77,1
2024-08-15,70,-75,1
2024-08-15,70,-73,1
2024-08-15,70,-65,1
2024-08-15,70,-63,1
2024-08-15,70,-46,1
2024-08-15,70,-42,1
2024-08-15,70,-29,1
2024-08-15,70,-20,1
2024-08-15,70,3,1
2024-08-15,70,7,1
2024-08-15,70,14,1
2024-08-15,70,16,1
2024-08-15,70,21,1
2024-08-15,70,22,1
2024-08-15,70,61,1
2024-08-15,70,66,1
2024-08-15,70,78,1
2024-08-15,70,92,1
2024-08-15,70,94,1
2024-08-15,71,-96,1
2024-08-15,71,-76,1
2024-08-15,71,-75,1
2024-08-15,71,-73,1
2024-08-15,71,-68,1
2024-08-15,71,-53,1
2024-08-15,71,-50,1
2024-08-15,71,-37,1
2024-08-15,71,-13,1
2024-08-15,71,4,1
2024-08-15,71,29,1
2024-08-15,71,53,1
2024-08-15,71,57,1
2024-08-15,71,59,1
2024-08-15,71,72,1
2024-08-15,71,76,1
2024-08-15,72,-67,1
2024-08-15,72,-63,1
2024-08-15,72,-18,1
2024-08-15,72,-15,1
2024-08-15,72,27,1
2024-08-15,72,29,1
2024-08-15,72,35,1
2024-08-15,72,67,1
2024-08-15,72,79,1
2024-08-15,72,82,1
2024-08-15,72,95,1
2024-08-15,72,99,1
2024-08-15,73,-93,1
2024-08-15,73,-53,1
2024-08-15,73,-39,1
2024-08-15,73,-27,1
2024-08-15,73,-12,1
2024-08-15,73,9,1
2024-08-15,73,15,1
2024-08-15,73,17,1
2024-08-15,73,26,1
2024-08-15,73,52,2
2024-08-15,73,59,1
2024-08-15,73,63,1
2024-08-15,73,82,1
2024-08-15,73,83,1
2024-08-15,73,84,1
2024-08-15,73,89,1
2024-08-15,73,96,1
2024-08-15,74,-96,1
2024-08-15,74,-85,1
2024-08-15,74,-76,1
2024-08-15,74,-62,1
2024-08-15,74,-50,1
2024-08-15,74,-48,1
2024-08-15,74,-37,1
2024-08-15,74,-34,1
2024-08-15,74,-29,3
2024-08-15,74,3,1
2024-08-15,74,11,1
2024-08-15,74,12,1
2024-08-15,74,13,1
2024-08-15,74,24,1
2024-08-15,74,26,1
2024-08-15,74,31,1
2024-08-15,74,36,1
2024-08-15,74,38,1
2024-08-15,74,41,1
2024-08-15,74,43,1
2024-08-15,74,56,1
2024-08-15,74,58,1
2024-08-15,74,68,1
2024-08-15,74,85,1
2024-08-15,75,-80,1
2024-08-15,75,-64,1
2024-08-15,75,-61,1
2024-08-15,75,-56,1
2024-08-15,75,-50,1
2024-08-15,75,-47,1
2024-08-15,75,-37,1
2024-08-15,75,-34,1
2024-08-15,75,-26,1
2024-08-15,75,-21,1
2024-08-15,75,17,1
2024-08-15,75,20,1
2024-08-15,75,40,1
2024-08-15,75,45,1
2024-08-15,75,46,1
2024-08-15,75,63,1
2024-08-15,75,65,1
2024-08-15,75,69,1
2024-08-15,75,72,1
2024-08-15,75,93,1
2024-08-15,75,94,1
2024-08-15,75,99,1
2024-08-15,76,-78,1
2024-08-15,76,-45,2
2024-08-15,76,-40,1
2024-08-15,76,-38,1
2024-08-15,76,-15,1
2024-08-15,76,6,1
2024-08-15,76,16,1
2024-08-15,76,19,1
2024-08-15,76,27,1
2024-08-15,76,31,1
2024-08-15,76,53,1
2024-08-15,76,88,1
2024-08-15,76,93,1
2024-08-15,77,-74,1
2024-08-15,77,-66,1
2024-08-15,77,-65,1
2024-08-15,77,-57,1
2024-08-15,77,-41,1
2024-08-15,77,-34,1
2024-08-15,77,-33,2
2024-08-15,77,-5,1
2024-08-15,77,21,1
2024-08-15,77,37,1
2024-08-15,77,41,1
2024-08-15,77,42,1
2024-08-15,77,48,1
2024-08-15,77,53,1
2024-08-15,77,54,1
2024-08-15,77,55,1
2024-08-15,77,75,1
2024-08-15,77,82,1
2024-08-15,77,86,1
2024-08-15,77,94,1
2024-08-15,78,-99,1
2024-08-15,78,-66,1
2024-08-15,78,-29,1
2024-08-15,78,-17,1
2024-08-15,78,-12,1
2024-08-15,78,0,1
2024-08-15,78,5,1
2024-08-15,78,11,1
2024-08-15,78,19,1
2024-08-15,78,21,3
2024-08-15,78,36,1
2024-08-15,78,39,1
2024-08-15,78,50,1
2024-08-15,78,77,1
2024-08-15,78,88,1
2024-08-15,78,95,1
2024-08-15,79,-96,2
2024-08-15,79,-93,1
2024-08-15,79,-67,1
2024-08-15,79,-64,1
2024-08-15,79,-48,1
2024-08-15,79,-38,1
2024-08-15,79,-36,1
2024-08-15,79,-19,1
2024-08-15,79,-17,1
2024-08-15,79,3,1
2024-08-15,79,19,1
2024-08-15,79,21,1
2024-08-15,79,27,1
2024-08-15,79,28,1
2024-08-15,79,55,1
2024-08-15,79,61,1
2024-08-15,79,80,1
2024-08-15,79,92,1
2024-08-15,80,-89,1
2024-08-15,80,-86,1
2024-08-15,80,-65,1
2024-08-15,80,-27,1
2024-08-15,80,-7,1
2024-08-15,80,0,1
2024-08-15,80,3,1
2024-08-15,80,7,1
2024-08-15,80,15,1
2024-08-15,80,44,1
2024-08-15,80,49,1
2024-08-15,80,60,1
2024-08-15,80,92,1
2024-08-15,80,98,1
2024-08-15,80,99,1
2024-08-15,81,-99,1
2024-08-15,81,-64,1
2024-08-15,81,-62,1
2024-08-15,81,-61,1
2024-08-15,81,-57,1
2024-08-15,81,-52,1
2024-08-15,81,-44,1
2024-08-15,81,-21,1
2024-08-15,81,-13,1
2024-08-15,81,-12,1
2024-08-15,81,-4,1
2024-08-15,81,15,1
2024-08-15,81,18,1
2024-08-15,81,36,1
2024-08-15,81,49,1
2024-08-15,81,50,1
2024-08-15,81,57,1
2024-08-15,81,64,1
2024-08-15,81,71,1
2024-08-15,81,72,1
2024-08-15,81,90,1
2024-08-15,81,100,1
2024-08-15,82,-56,1
2024-08-15,82,-51,1
2024-08-15,82,-37,1
2024-08-15,82,-28,1
2024-08-15,82,-27,1
2024-08-15,82,-11,1
2024-08-15,82,18,1
2024-08-15,82,50,1
2024-08-15,82,85,1
2024-08-15,82,99,1
2024-08-15,83,-89,1
2024-08-15,83,-81,1
2024-08-15,83,-71,1
2024-08-15,83,-58,1
2024-08-15,83,-46,1
2024-08-15,83,-42,1
2024-08-15,83,-33,1
2024-08-15,83,-28,1
2024-08-15,83,-20,1
2024-08-15,83,-19,1
2024-08-15,83,-11,1
2024-08-15,83,20,1
2024-08-15,83,29,1
2024-08-15,83,49,1
2024-08-15,83,54,1
2024-08-15,83,66,1
2024-08-15,83,75,1
2024-08-15,83,79,1
2024-08-15,83,96,1
2024-08-15,84,-88,1
2024-08-15,84,-84,1
2024-08-15,84,-81,1
2024-08-15,84,-48,2
2024-08-15,84,-34,1
2024-08-15,84,-27,1
2024-08-15,84,-26,1
2024-08-15,84,-25,1
2024-08-15,84,-18,1
2024-08-15,84,-6,1
2024-08-15,84,-1,1
2024-08-15,84,14,1
2024-08-15,84,17,1
2024-08-15,84,57,1
2024-08-15,84,60,1
2024-08-15,84,76,1
2024-08-15,84,81,1
2024-08-15,84,93,1
2024-08-15,85,-99,1
2024-08-15,85,-88,1
2024-08-15,85,-83,1
2024-08-15,85,-66,1
2024-08-15,85,-55,1
2024-08-15,85,-48,1
2024-08-15,85,-46,1
2024-08-15,85,-42,1
2024-08-15,85,-39,1
2024-08-15,85,-38,1
2024-08-15,85,-28,1
2024-08-15,85,-20,2
2024-08-15,85,-9,1
2024-08-15,85,-8,1
2024-08-15,85,-4,1
2024-08-15,85,15,1
2024-08-15,85,63,1
2024-08-15,85,69,1
2024-08-15,85,70,1
2024-08-15,85,81,1
2024-08-15,86,-89,1
2024-08-15,86,-87,1
2024-08-15,86,-73,1
2024-08-15,86,-54,1
2024-08-15,86,-40,2
2024-08-15,86,-39,1
2024-08-15,86,-34,1
2024-08-15,86,-33,1
2024-08-15,86,-32,1
2024-08-15,86,5,1
2024-08-15,86,8,1
2024-08-15,86,15,1
2024-08-15,86,17,1
2024-08-15,86,22,1
2024-08-15,86,23,1
2024-08-15,86,24,1
2024-08-15,86,35,1
2024-08-15,86,40,1
2024-08-15,86,47,1
2024-08-15,86,49,1
2024-08-15,86,54,1
2024-08-15,86,61,1
2024-08-15,86,64,1
2024-08-15,86,70,1
2024-08-15,86,75,1
2024-08-15,86,78,1
2024-08-15,86,83,1
2024-08-15,86,90,1
2024-08-15,86,96,1
2024-08-15,86,100,1
2024-08-15,87,-68,1
2024-08-15,87,-61,1
2024-08-15,87,-60,1
2024-08-15,87,-53,1
2024-08-15,87,-44,1
2024-08-15,87,-35,1
2024-08-15,87,-30,1
2024-08-15,87,-27,1
2024-08-15,87,-22,1
2024-08-15,87,-15,1
2024-08-15,87,-13,1
2024-08-15,87,-11,1
2024-08-15,87,-6,1
2024-08-15,87,-4,1
2024-08-15,87,1,1
2024-08-15,87,6,1
2024-08-15,87,54,1
2024-08-15,87,83,1
2024-08-15,87,86,1
2024-08-15,87,87,1
2024-08-15,88,-100,1
2024-08-15,88,-97,1
2024-08-15,88,-94,1
2024-08-15,88,-92,1
2024-08-15,88,-91,1
2024-08-15,88,-81,1
2024-08-15,88,-79,1
2024-08-15,88,-74,1
2024-08-15,88,-63,2
2024-08-15,88,-50,1
2024-08-15,88,-44,1
2024-08-15,88,-43,1
2024-08-15,88,-34,1
2024-08-15,88,-13,1
2024-08-15,88,1,1
2024-08-15,88,17,1
2024-08-15,88,44,1
2024-08-15,88,45,1
2024-08-15,88,47,1
2024-08-15,88,55,1
2024-08-15,88,84,1
2024-08-15,88,87,1
2024-08-15,89,-69,1
2024-08-15,89,-36,1
2024-08-15,89,48,1
2024-08-15,89,49,1
2024-08-15,89,57,1
2024-08-15,89,60,1
2024-08-15,89,66,1
2024-08-15,89,79,1
2024-08-15,89,83,1
2024-08-15,89,87,1
2024-08-15,89,91,2
2024-08-15,89,95,1
2024-08-15,90,-99,1
2024-08-15,90,-76,1
2024-08-15,90,-58,1
2024-08-15,90,-40,1
2024-08-15,90,-37,1
2024-08-15,90,-28,1
2024-08-15,90,-24,1
2024-08-15,90,-1,1
2024-08-15,90,4,1
2024-08-15,90,9,1
2024-08-15,90,21,1
2024-08-15,90,22,1
2024-08-15,90,25,1
2024-08-15,90,29,1
2024-08-15,90,42,1
2024-08-15,90,46,1
2024-08-15,90,61,1
2024-08-15,90,85,1
2024-08-15,90,96,1
2024-08-15,90,99,2
2024-08-15,91,-91,2
2024-08-15,91,-45,1
2024-08-15,91,-33,1
2024-08-15,91,-28,1
2024-08-15,91,-8,1
2024-08-15,91,-7,1
2024-08-15,91,-2,1
2024-08-15,91,4,1
2024-08-15,91,15,1
2024-08-15,91,35,1
2024-08-15,91,46,1
2024-08-15,91,55,1
2024-08-15,91,63,1
2024-08-15,91,65,1
2024-08-15,91,92,1
2024-08-15,91,93,1
2024-08-15,91,97,1
2024-08-15,91,100,1
2024-08-15,92,-96,1
2024-08-15,92,-95,1
2024-08-15,92,-68,1
2024-08-15,92,-56,1
2024-08-15,92,-30,1
2024-08-15,92,-11,1
2024-08-15,92,6,1
2024-08-15,92,8,1
2024-08-15,92,15,1
2024-08-15,92,54,1
2024-08-15,92,69,1
2024-08-15,92,88,1
2024-08-15,92,92,1
2024-08-15,92,96,1
2024-08-15,92,98,1
2024-08-15,93,-91,1
2024-08-15,93,-87,1
2024-08-15,93,-81,1
2024-08-15,93,-73,1
2024-08-15,93,-70,1
2024-08-15,93,-56,1
2024-08-15,93,-39,1
2024-08-15,93,-16,1
2024-08-15,93,-2,1
2024-08-15,93,1,1
2024-08-15,93,17,1
2024-08-15,93,18,1
2024-08-15,93,32,1
2024-08-15,93,36,1
2024-08-15,93,61,1
2024-08-15,93,64,1
2024-08-15,93,75,1
2024-08-15,94,-91,1
2024-08-15,94,-86,1
2024-08-15,94,-83,1
2024-08-15,94,-53,1
2024-08-15,94,-45,1
2024-08-15,94,-41,1
2024-08-15,94,-23,1
2024-08-15,94,-21,1
2024-08-15,94,-18,1
2024-08-15,94,-9,1
2024-08-15,94,-5,1
2024-08-15,94,3,1
2024-08-15,94,8,1
2024-08-15,94,18,1
2024-08-15,94,20,1
2024-08-15,94,72,1
2024-08-15,94,93,1
2024-08-15,94,96,1
2024-08-15,95,-99,1
2024-08-15,95,-94,1
2024-08-15,95,-88,1
2024-08-15,95,-80,1
2024-08-15,95,-75,1
2024-08-15,95,-74,1
2024-08-15,95,-52,1
2024-08-15,95,-29,1
2024-08-15,95,-22,1
2024-08-15,95,-6,1
2024-08-15,95,18,1
2024-08-15,95,23,1
2024-08-15,95,32,1
2024-08-15,95,63,1
2024-08-15,95,67,2
2024-08-15,95,73,1
2024-08-15,95,77,1
2024-08-15,95,96,1
2024-08-15,95,99,1
2024-08-15,95,100,1
2024-08-15,96,-75,1
2024-08-15,96,-58,1
2024-08-15,96,-55,1
2024-08-15,96,-54,1
2024-08-15,96,-40,1
2024-08-15,96,-30,1
2024-08-15,96,-8,1
2024-08-15,96,6,1
2024-08-15,96,25,1
2024-08-15,96,26,1
2024-08-15,96,30,1
2024-08-15,96,32,1
2024-08-15,96,38,1
2024-08-15,96,43,1
2024-08-15,96,64,1
2024-08-15,96,69,1
2024-08-15,96,78,1
2024-08-15,96,81,1
2024-08-15,97,-90,1
2024-08-15,97,-58,1
2024-08-15,97,-50,1
2024-08-15,97,-42,1
2024-08-15,97,-5,1
2024-08-15,97,-2,1
2024-08-15,97,4,1
2024-08-15,97,16,1
2024-08-15,97,34,1
2024-08-15,97,49,1
2024-08-15,97,60,1
2024-08-15,97,82,1
2024-08-15,97,92,1
2024-08-15,98,-94,1
2024-08-15,98,-71,1
2024-08-15,98,-63,1
2024-08-15,98,-52,1
2024-08-15,98,-19,1
2024-08-15,98,-17,2
2024-08-15,98,-11,1
2024-08-15,98,-10,2
2024-08-15,98,-8,1
2024-08-15,98,-2,1
2024-08-15,98,9,1
2024-08-15,98,18,1
2024-08-15,98,55,1
2024-08-15,98,59,1
2024-08-15,98,65,1
2024-08-15,98,76,1
2024-08-15,98,80,1
2024-08-15,98,93,1
2024-08-15,98,97,1
2024-08-15,98,98,1
2024-08-15,99,-53,1
2024-08-15,99,-48,1
2024-08-15,99,-44,1
2024-08-15,99,-12,1
2024-08-15,99,-7,1
2024-08-15,99,12,1
2024-08-15,99,21,1
2024-08-15,99,29,1
2024-08-15,99,77,1
2024-08-15,99,78,1
2024-08-15,99,86,1
2024-08-16,60,-85,1
2024-08-16,60,-54,1
2024-08-16,60,-53,1
2024-08-16,60,-30,1
2024-08-16,60,-12,1
2024-08-16,60,2,1
2024-08-16,60,13,1
2024-08-16,60,76,1
2024-08-16,60,83,1
2024-08-16,61,-69,1
2024-08-16,61,-68,1
2024-08-16,61,-65,1
2024-08-16,61,-64,1
2024-08-16,61,-60,1
2024-08-16,61,-57,1
2024-08-16,61,-53,1
2024-08-16,61,-47,1
2024-08-16,61,-31,1
2024-08-16,61,-10,1
2024-08-16,61,8,1
2024-08-16,61,18,1
2024-08-16,61,32,1
2024-08-16,61,46,1
2024-08-16,61,53,1
2024-08-16,61,62,1
2024-08-16,61,63,1
2024-08-16,61,64,1
2024-08-16,61,81,1
2024-08-16,61,85,1
2024-08-16,61,94,1
2024-08-16,61,96,1
2024-08-16,62,-89,1
2024-08-16,62,-56,1
2024-08-16,62,-50,1
2024-08-16,62,-38,1
2024-08-16,62,-36,1
2024-08-16,62,-28,1
2024-08-16,62,-27,1
2024-08-16,62,-23,1
2024-08-16,62,-12,1
2024-08-16,62,-7,1
2024-08-16,62,9,1
2024-08-16,62,26,1
2024-08-16,62,27,1
2024-08-16,62,35,1
2024-08-16,62,52,1
2024-08-16,62,68,1
2024-08-16,62,71,2
2024-08-16,62,82,1
2024-08-16,63,-100,1
2024-08-16,63,-88,1
2024-08-16,63,-76,1
2024-08-16,63,-74,2
2024-08-16,63,-70,1
2024-08-16,63,-65,1
2024-08-16,63,-60,1
2024-08-16,63,-58,1
2024-08-16,63,-47,1
2024-08-16,63,-31,1
2024-08-16,63,-28,1
2024-08-16,63,-25,1
2024-08-16,63,-23,1
2024-08-16,63,-21,1
2024-08-16,63,2,1
2024-08-16,63,12,1
2024-08-16,63,26,1
2024-08-16,63,43,1
2024-08-16,63,53,1
2024-08-16,63,58,1
2024-08-16,63,59,1
2024-08-16,63,67,1
2024-08-16,63,70,1
2024-08-16,63,74,1
2024-08-16,63,76,1
2024-08-16,63,84,1
2024-08-16,63,96,1
2024-08-16,64,-95,1
2024-08-16,64,-94,1
2024-08-16,64,-78,1
2024-08-16,64,-77,1
2024-08-16,64,-57,4
2024-08-16,64,-40,1
2024-08-16,64,-8,1
2024-08-16,64,-3,1
2024-08-16,64,-1,1
2024-08-16,64,21,1
2024-08-16,64,23,1
2024-08-16,64,35,1
2024-08-16,64,39,1
2024-08-16,64,92,1
2024-08-16,64,93,1
2024-08-16,65,-93,1
2024-08-16,65,-87,1
2024-08-16,65,-84,2
2024-08-16,65,-73,1
2024-08-16,65,-68,1
2024-08-16,65,-59,1
2024-08-16,65,-49,1
2024-08-16,65,-37,1
2024-08-16,65,-25,1
2024-08-16,65,-22,2
2024-08-16,65,-15,1
2024-08-16,65,0,1
2024-08-16,65,38,1
2024-08-16,65,65,1
2024-08-16,65,69,1
2024-08-16,65,73,1
2024-08-16,65,74,1
2024-08-16,65,75,2
2024-08-16,66,-98,1
2024-08-16,66,-96,1
2024-08-16,66,-51,1
2024-08-16,66,-44,1
2024-08-16,66,-37,1
2024-08-16,66,-19,1
2024-08-16,66,-2,2
2024-08-16,66,10,1
2024-08-16,66,29,1
2024-08-16,66,35,1
2024-08-16,66,36,1
2024-08-16,66,39,1
2024-08-16,66,80,2
2024-08-16,66,83,1
2024-08-16,67,-91,1
2024-08-16,67,-66,1
2024-08-16,67,-45,1
2024-08-16,67,-31,1
2024-08-16,67,-25,1
2024-08-16,67,-24,1
2024-08-16,67,8,1
2024-08-16,67,11,1
2024-08-16,67,19,1
2024-08-16,67,24,1
2024-08-16,67,30,2
2024-08-16,67,46,1
2024-08-16,67,48,1
2024-08-16,67,54,1
2024-08-16,67,74,1
2024-08-16,67,78,1
2024-08-16,67,94,1
2024-08-16,67,95,1
2024-08-16,68,-78,1
2024-08-16,68,-75,1
2024-08-16,68,-72,1
2024-08-16,68,-67,2
2024-08-16,68,-59,1
2024-08-16,68,-58,2
2024-08-16,68,-36,1
2024-08-16,68,-32,1
2024-08-16,68,-23,1
2024-08-16,68,-14,1
2024-08-16,68,-12,1
2024-08-16,68,-2,1
2024-08-16,68,9,1
2024-08-16,68,19,1
2024-08-16,68,30,1
2024-08-16,68,54,1
2024-08-16,68,74,1
2024-08-16,68,76,1
2024-08-16,69,-99,1
2024-08-16,69,-89,1
2024-08-16,69,-80,1
2024-08-16,69,-34,1
2024-08-16,69,-7,1
2024-08-16,69,1,1
2024-08-16,69,15,1
2024-08-16,69,23,2
2024-08-16,69,25,1
2024-08-16,69,26,1
2024-08-16,69,34,1
2024-08-16,69,40,1
2024-08-16,69,48,1
2024-08-16,69,54,1
2024-08-16,69,58,1
2024-08-16,69,60,1
2024-08-16,69,71,1
2024-08-16,70,-97,1
2024-08-16,70,-88,1
2024-08-16,70,-64,1
2024-08-16,70,-48,1
2024-08-16,70,-43,1
2024-08-16,70,-41,1
2024-08-16,70,-23,1
2024-08-16,70,-3,1
2024-08-16,70,-1,1
2024-08-16,70,16,1
2024-08-16,70,27,1
2024-08-16,70,33,1
2024-08-16,70,49,1
2024-08-16,70,64,1
2024-08-16,70,75,1
2024-08-16,71,-89,1
2024-08-16,71,-76,1
2024-08-16,71,-74,1
2024-08-16,71,-65,1
2024-08-16,71,-57,1
2024-08-16,71,-44,1
2024-08-16,71,-37,1
2024-08-16,71,-21,1
2024-08-16,71,-14,1
2024-08-16,71,-1,1
2024-08-16,71,7,1
2024-08-16,71,27,1
2024-08-16,71,28,1
2024-08-16,71,38,1
2024-08-16,71,39,1
2024-08-16,71,43,1
2024-08-16,71,53,1
2024-08-16,71,69,1
2024-08-16,71,78,1
2024-08-16,71,79,1
2024-08-16,71,90,2
2024-08-16,72,-68,1
2024-08-16,72,-59,1
2024-08-16,72,-45,1
2024-08-16,72,-21,1
2024-08-16,72,-20,1
2024-08-16,72,-18,1
2024-08-16,72,-2,1
2024-08-16,72,0,1
2024-08-16,72,8,1
2024-08-16,72,10,1
2024-08-16,72,12,1
2024-08-16,72,25,1
2024-08-16,72,34,1
2024-08-16,72,45,1
2024-08-16,72,47,1
2024-08-16,72,59,1
2024-08-16,72,72,1
2024-08-16,72,74,1
2024-08-16,72,76,1
2024-08-16,72,84,1
2024-08-16,73,-92,1
2024-08-16,73,-77,1
2024-08-16,73,-55,2
2024-08-16,73,-52,1
2024-08-16,73,-48,1
2024-08-16,73,-14,2
2024-08-16,73,-9,1
2024-08-16,73,-5,2
2024-08-16,73,-1,1
2024-08-16,73,3,1
2024-08-16,73,9,1
2024-08-16,73,14,1
2024-08-16,73,21,1
2024-08-16,73,32,1
2024-08-16,73,51,1
2024-08-16,73,57,1
2024-08-16,73,66,1
2024-08-16,73,79,1
2024-08-16,73,80,1
2024-08-16,73,84,1
2024-08-16,73,98,1
2024-08-16,74,-86,1
2024-08-16,74,-69,1
2024-08-16,74,-49,1
2024-08-16,74,-25,1
2024-08-16,74,-24,1
2024-08-16,74,-12,1
2024-08-16,74,8,1
2024-08-16,74,22,1
2024-08-16,74,29,1
2024-08-16,74,32,1
2024-08-16,74,33,1
2024-08-16,74,34,1
2024-08-16,74,36,1
2024-08-16,74,55,1
2024-08-16,74,64,1
2024-08-16,74,87,1
2024-08-16,75,-97,1
2024-08-16,75,-96,2
2024-08-16,75,-79,1
2024-08-16,75,-68,1
2024-08-16,75,-66,1
2024-08-16,75,-59,1
2024-08-16,75,-57,1
2024-08-16,75,-34,1
2024-08-16,75,-25,1
2024-08-16,75,-20,1
2024-08-16,75,-18,1
2024-08-16,75,-10,1
2024-08-16,75,-7,1
2024-08-16,75,2,1
2024-08-16,75,17,1
2024-08-16,75,21,1
2024-08-16,75,22,1
2024-08-16,75,31,1
2024-08-16,75,41,1
2024-08-16,75,48,1
2024-08-16,75,50,1
2024-08-16,75,53,1
2024-08-16,75,90,1
2024-08-16,75,91,1
2024-08-16,76,-94,1
2024-08-16,76,-92,1
2024-08-16,76,-72,1
2024-08-16,76,-71,1
2024-08-16,76,-64,1
2024-08-16,76,-58,1
2024-08-16,76,-40,1
2024-08-16,76,0,1
2024-08-16,76,6,1
2024-08-16,76,14,1
2024-08-16,76,22,1
2024-08-16,76,25,1
2024-08-16,76,28,1
2024-08-16,76,33,1
2024-08-16,76,36,1
2024-08-16,76,39,2
2024-08-16,76,63,1
2024-08-16,76,69,1
2024-08-16,76,72,1
2024-08-16,76,87,1
2024-08-16,77,-88,1
2024-08-16,77,-85,1
2024-08-16,77,-82,1
2024-08-16,77,-80,1
2024-08-16,77,-70,1
2024-08-16,77,-63,3
2024-08-16,77,-61,1
2024-08-16,77,-50,1
2024-08-16,77,-27,1
2024-08-16,77,0,1
2024-08-16,77,6,1
2024-08-16,77,12,1
2024-08-16,77,16,1
2024-08-16,77,22,1
2024-08-16,77,44,2
2024-08-16,77,50,1
2024-08-16,77,72,1
2024-08-16,77,73,1
2024-08-16,78,-97,1
2024-08-16,78,-88,1
2024-08-16,78,-79,1
2024-08-16,78,-77,1
2024-08-16,78,-62,1
2024-08-16,78,-57,1
2024-08-16,78,-43,1
2024-08-16,78,-15,1
2024-08-16,78,-8,1
2024-08-16,78,23,1
2024-08-16,78,30,1
2024-08-16,78,57,1
2024-08-16,78,59,1
2024-08-16,78,77,1
2024-08-16,78,80,1
2024-08-16,78,98,2
2024-08-16,79,-99,1
2024-08-16,79,-72,1
2024-08-16,79,-59,1
2024-08-16,79,-50,1
2024-08-16,79,-35,1
2024-08-16,79,-30,1
2024-08-16,79,-5,1
2024-08-16,79,-1,1
2024-08-16,79,6,1
2024-08-16,79,16,1
2024-08-16,79,23,1
2024-08-16,79,38,1
2024-08-16,79,42,1
2024-08-16,79,44,1
2024-08-16,79,45,1
2024-08-16,79,49,1
2024-08-16,79,52,1
2024-08-16,79,58,1
2024-08-16,79,66,1
2024-08-16,79,81,1
2024-08-16,79,95,1
2024-08-16,80,-94,1
2024-08-16,80,-87,1
2024-08-16,80,-76,1
2024-08-16,80,-74,1
2024-08-16,80,-63,1
2024-08-16,80,-47,1
2024-08-16,80,-44,1
2024-08-16,80,-40,1
2024-08-16,80,-20,1
2024-08-16,80,-10,1
2024-08-16,80,29,1
2024-08-16,80,73,1
2024-08-16,80,75,1
2024-08-16,80,86,1
2024-08-16,81,-99,1
2024-08-16,81,-92,1
2024-08-16,81,-89,1
2024-08-16,81,-81,1
2024-08-16,81,-60,1
2024-08-16,81,-43,1
2024-08-16,81,-9,1
2024-08-16,81,-5,1
2024-08-16,81,3,1
2024-08-16,81,8,1
2024-08-16,81,15,1
2024-08-16,81,25,1
2024-08-16,81,28,1
2024-08-16,81,47,1
2024-08-16,81,49,1
2024-08-16,81,66,1
2024-08-16,81,79,1
2024-08-16,81,90,1
2024-08-16,81,93,1
2024-08-16,82,-91,1
2024-08-16,82,-90,1
2024-08-16,82,-80,1
2024-08-16,82,-67,1
2024-08-16,82,-66,1
2024-08-16,82,-62,1
2024-08-16,82,-54,1
2024-08-16,82,-51,1
2024-08-16,82,-32,1
2024-08-16,82,-15,1
2024-08-16,82,0,1
2024-08-16,82,6,1
2024-08-16,82,7,1
2024-08-16,82,15,1
2024-08-16,82,18,1
2024-08-16,82,24,1
2024-08-16,82,65,1
2024-08-16,82,91,1
2024-08-16,83,-90,1
2024-08-16,83,-87,1
2024-08-16,83,-82,1
2024-08-16,83,-74,1
2024-08-16,83,-65,1
2024-08-16,83,-63,1
2024-08-16,83,-61,1
2024-08-16,83,-51,1
2024-08-16,83,-45,1
2024-08-16,83,-21,1
2024-08-16,83,-16,1
2024-08-16,83,0,1
2024-08-16,83,18,1
2024-08-16,83,27,1
2024-08-16,83,42,1
2024-08-16,83,55,1
2024-08-16,83,78,1
2024-08-16,83,81,1
2024-08-16,84,-100,1
2024-08-16,84,-97,1
2024-08-16,84,-95,1
2024-08-16,84,-94,1
2024-08-16,84,-92,1
2024-08-16,84,-74,1
2024-08-16,84,-71,1
2024-08-16,84,-65,1
2024-08-16,84,-64,1
2024-08-16,84,-50,1
2024-08-16,84,-38,1
2024-08-16,84,-37,1
2024-08-16,84,4,1
2024-08-16,84,24,2
2024-08-16,84,28,1
2024-08-16,84,29,1
2024-08-16,84,33,1
2024-08-16,84,35,1
2024-08-16,84,54,1
2024-08-16,84,66,1
2024-08-16,84,77,1
2024-08-16,84,85,1
2024-08-16,84,90,1
2024-08-16,85,-91,1
2024-08-16,85,-88,1
2024-08-16,85,-85,1
2024-08-16,85,-76,1
2024-08-16,85,-70,1
2024-08-16,85,-51,1
2024-08-16,85,-44,1
2024-08-16,85,-37,1
2024-08-16,85,-30,1
2024-08-16,85,4,1
2024-08-16,85,6,1
2024-08-16,85,31,1
2024-08-16,85,35,1
2024-08-16,85,36,1
2024-08-16,85,49,1
2024-08-16,85,50,1
2024-08-16,85,53,1
2024-08-16,85,56,1
2024-08-16,85,64,1
2024-08-16,85,80,1
2024-08-16,85,81,1
2024-08-16,85,82,1
2024-08-16,85,89,1
2024-08-16,85,94,1
2024-08-16,85,98,1
2024-08-16,86,-98,1
2024-08-16,86,-85,1
2024-08-16,86,-83,1
2024-08-16,86,-82,1
2024-08-16,86,-65,1
2024-08-16,86,-39,1
2024-08-16,86,-35,1
2024-08-16,86,-34,1
2024-08-16,86,-25,1
2024-08-16,86,-23,1
2024-08-16,86,28,1
2024-08-16,86,67,1
2024-08-16,86,88,2
2024-08-16,86,92,1
2024-08-16,87,-99,1
2024-08-16,87,-94,1
2024-08-16,87,-82,1
2024-08-16,87,-69,1
2024-08-16,87,-54,1
2024-08-16,87,-50,1
2024-08-16,87,-46,1
2024-08-16,87,-44,1
2024-08-16,87,-36,2
2024-08-16,87,-27,1
2024-08-16,87,-26,1
2024-08-16,87,13,3
2024-08-16,87,30,1
2024-08-16,87,32,1
2024-08-16,87,49,1
2024-08-16,87,51,1
2024-08-16,87,77,1
2024-08-16,87,85,1
2024-08-16,88,-83,1
2024-08-16,88,-64,1
2024-08-16,88,-60,1
2024-08-16,88,-23,2
2024-08-16,88,-7,1
2024-08-16,88,-1,3
2024-08-16,88,2,1
2024-08-16,88,20,1
2024-08-16,88,30,1
2024-08-16,88,34,1
2024-08-16,88,54,1
2024-08-16,88,63,2
2024-08-16,88,65,1
2024-08-16,88,69,1
2024-08-16,88,91,1
2024-08-16,89,-82,2
2024-08-16,89,-81,1
2024-08-16,89,-57,1
2024-08-16,89,-24,1
2024-08-16,89,-21,1
2024-08-16,89,-19,1
2024-08-16,89,1,1
2024-08-16,89,52,1
2024-08-16,89,80,1
2024-08-16,89,82,1
2024-08-16,89,98,1
2024-08-16,90,-94,1
2024-08-16,90,-87,1
2024-08-16,90,-79,1
2024-08-16,90,-70,1
2024-08-16,90,-68,1
2024-08-16,90,-66,1
2024-08-16,90,-40,1
2024-08-16,90,-39,1
2024-08-16,90,-29,1
2024-08-16,90,-1,1
2024-08-16,90,19,1
2024-08-16,90,60,1
2024-08-16,90,88,1
2024-08-16,90,96,1
2024-08-16,91,-93,1
2024-08-16,91,-64,1
2024-08-16,91,-60,1
2024-08-16,91,-53,1
2024-08-16,91,-46,1
2024-08-16,91,-32,1
2024-08-16,91,-15,1
2024-08-16,91,28,2
2024-08-16,91,37,1
2024-08-16,91,44,1
2024-08-16,91,57,1
2024-08-16,91,74,1
2024-08-16,91,81,1
2024-08-16,91,89,1
2024-08-16,91,92,1
2024-08-16,92,-70,1
2024-08-16,92,-55,1
2024-08-16,92,-54,1
2024-08-16,92,-48,1
2024-08-16,92,-3,1
2024-08-16,92,5,1
2024-08-16,92,16,1
2024-08-16,92,28,1
2024-08-16,92,30,1
2024-08-16,92,40,1
2024-08-16,92,50,1
2024-08-16,92,70,1
2024-08-16,92,77,1
2024-08-16,92,89,1
2024-08-16,92,96,1
2024-08-16,93,-95,1
2024-08-16,93,-80,1
2024-08-16,93,-45,1
2024-08-16,93,-22,1
2024-08-16,93,-4,1
2024-08-16,93,0,1
2024-08-16,93,16,1
2024-08-16,93,21,1
2024-08-16,93,26,1
2024-08-16,93,32,1
2024-08-16,93,46,2
2024-08-16,93,86,1
2024-08-16,93,93,1
2024-08-16,93,96,1
2024-08-16,93,100,1
2024-08-16,94,-95,1
2024-08-16,94,-66,1
2024-08-16,94,-59,1
2024-08-16,94,-28,1
2024-08-16,94,-27,1
2024-08-16,94,-21,1
2024-08-16,94,-13,1
2024-08-16,94,6,1
2024-08-16,94,20,1
2024-08-16,94,26,1
2024-08-16,94,63,1
2024-08-16,94,67,1
2024-08-16,94,79,1
2024-08-16,94,93,1
2024-08-16,95,-100,1
2024-08-16,95,-99,1
2024-08-16,95,-98,1
2024-08-16,95,-92,1
2024-08-16,95,-61,1
2024-08-16,95,-36,1
2024-08-16,95,-34,1
2024-08-16,95,-15,1
2024-08-16,95,-8,1
2024-08-16,95,14,1
2024-08-16,95,19,1
2024-08-16,95,27,1
2024-08-16,95,36,1
2024-08-16,95,51,1
2024-08-16,95,77,1
2024-08-16,95,79,1
2024-08-16,96,-84,1
2024-08-16,96,-60,1
2024-08-16,96,-47,1
2024-08-16,96,-42,1
2024-08-16,96,-32,1
2024-08-16,96,22,1
2024-08-16,96,26,1
2024-08-16,96,40,1
2024-08-16,96,45,1
2024-08-16,96,49,2
2024-08-16,96,58,1
2024-08-16,96,64,1
2024-08-16,97,-100,1
2024-08-16,97,-94,1
2024-08-16,97,-91,1
2024-08-16,97,-68,1
2024-08-16,97,-62,2
2024-08-16,97,-55,1
2024-08-16,97,-28,1
2024-08-16,97,-5,1
2024-08-16,97,-3,1
2024-08-16,97,8,1
2024-08-16,97,22,1
2024-08-16,97,31,1
2024-08-16,97,36,1
2024-08-16,97,44,1
2024-08-16,97,45,1
2024-08-16,97,49,1
2024-08-16,97,65,2
2024-08-16,97,81,1
2024-08-16,97,94,1
2024-08-16,98,-91,1
2024-08-16,98,-87,1
2024-08-16,98,-69,1
2024-08-16,98,-62,1
2024-08-16,98,-36,1
2024-08-16,98,-28,1
2024-08-16,98,-25,1
2024-08-16,98,2,1
2024-08-16,98,12,2
2024-08-16,98,27,1
2024-08-16,98,35,1
2024-08-16,98,45,1
2024-08-16,98,62,1
2024-08-16,98,78,1
2024-08-16,98,90,1
2024-08-16,99,-83,1
2024-08-16,99,-45,1
2024-08-16,99,-41,1
2024-08-16,99,-7,1
2024-08-16,99,49,1
2024-08-16,99,58,1
2024-08-16,99,61,1
2024-08-16,99,64,1
2024-08-17,60,-94,1
2024-08-17,60,-23,1
2024-08-17,60,-20,1
2024-08-17,60,-7,1
2024-08-17,60,96,1
2024-08-17,61,-96,1
2024-08-17,61,-85,1
2024-08-17,61,-45,1
2024-08-17,61,-30,1
2024-08-17,61,-20,1
2024-08-17,61,-2,1
2024-08-17,61,15,1
2024-08-17,61,22,1
2024-08-17,61,25,1
2024-08-17,61,42,1
2024-08-17,61,87,1
2024-08-17,62,-98,1
2024-08-17,62,-78,1
2024-08-17,62,-76,1
2024-08-17,62,-64,1
2024-08-17,62,-62,1
2024-08-17,62,-33,1
2024-08-17,62,-17,1
2024-08-17,62,-3,1
2024-08-17,62,21,1
2024-08-17,62,33,1
2024-08-17,62,42,1
2024-08-17,62,71,2
2024-08-17,62,91,1
2024-08-17,63,-96,1
2024-08-17,63,-87,1
2024-08-17,63,-84,1
2024-08-17,63,-82,1
2024-08-17,63,-68,1
2024-08-17,63,-43,1
2024-08-17,63,-13,1
2024-08-17,63,-5,1
2024-08-17,63,28,1
2024-08-17,63,32,1
2024-08-17,63,44,1
2024-08-17,63,48,1
2024-08-17,63,63,1
2024-08-17,63,79,1
2024-08-17,63,92,1
2024-08-17,63,95,1
2024-08-17,64,-83,1
2024-08-17,64,-67,1
2024-08-17,64,-51,1
2024-08-17,64,-41,1
2024-08-17,64,-38,1
2024-08-17,64,-35,1
2024-08-17,64,-34,1
2024-08-17,64,3,1
2024-08-17,64,8,1
2024-08-17,64,36,2
2024-08-17,64,43,1
2024-08-17,64,45,1
2024-08-17,64,49,1
2024-08-17,64,50,1
2024-08-17,64,53,1
2024-08-17,64,58,1
2024-08-17,64,67,1
2024-08-17,64,76,1
2024-08-17,65,-68,2
2024-08-17,65,-65,1
2024-08-17,65,-60,1
2024-08-17,65,-54,1
2024-08-17,65,-38,1
2024-08-17,65,-32,1
2024-08-17,65,-20,1
2024-08-17,65,-16,1
2024-08-17,65,4,1
2024-08-17,65,6,1
2024-08-17,65,9,1
2024-08-17,65,10,1
2024-08-17,65,27,1
2024-08-17,65,29,1
2024-08-17,65,32,1
2024-08-17,65,73,1
2024-08-17,65,87,1
2024-08-17,65,94,1
2024-08-17,66,-99,1
2024-08-17,66,-89,1
2024-08-17,66,-87,1
2024-08-17,66,-71,1
2024-08-17,66,-66,1
2024-08-17,66,-64,1
2024-08-17,66,-63,1
2024-08-17,66,-53,1
2024-08-17,66,-22,1
2024-08-17,66,-10,1
2024-08-17,66,20,1
2024-08-17,66,25,1
2024-08-17,66,37,1
2024-08-17,66,47,1
2024-08-17,66,65,1
2024-08-17,66,66,1
2024-08-17,66,67,1
2024-08-17,66,71,1
2024-08-17,66,84,1
2024-08-17,66,85,1
2024-08-17,66,98,1
2024-08-17,67,-90,1
2024-08-17,67,-73,1
2024-08-17,67,-68,1
2024-08-17,67,-49,1
2024-08-17,67,-48,1
2024-08-17,67,-41,1
2024-08-17,67,-40,1
2024-08-17,67,-36,1
2024-08-17,67,-27,1
2024-08-17,67,-24,1
2024-08-17,67,-14,1
2024-08-17,67,4,1
2024-08-17,67,5,1
2024-08-17,67,79,1
2024-08-17,67,91,1
2024-08-17,68,-96,1
2024-08-17,68,-88,2
2024-08-17,68,-79,1
2024-08-17,68,-47,1
2024-08-17,68,-32,1
2024-08-17,68,-29,1
2024-08-17,68,-24,1
2024-08-17,68,-12,1
2024-08-17,68,-2,1
2024-08-17,68,-1,1
2024-08-17,68,10,1
2024-08-17,68,53,1
2024-08-17,68,55,1
2024-08-17,68,61,1
2024-08-17,68,62,1
2024-08-17,68,76,1
2024-08-17,68,86,1
2024-08-17,69,-92,1
2024-08-17,69,-60,1
2024-08-17,69,-36,1
2024-08-17,69,-13,1
2024-08-17,69,-7,1
2024-08-17,69,-3,1
2024-08-17,69,-1,1
2024-08-17,69,13,1
2024-08-17,69,50,1
2024-08-17,69,65,1
2024-08-17,69,67,1
2024-08-17,69,79,1
2024-08-17,69,95,1
2024-08-17,70,-99,1
2024-08-17,70,-92,2
2024-08-17,70,-90,1
2024-08-17,70,-72,1
2024-08-17,70,-43,1
2024-08-17,70,-21,1
2024-08-17,70,-20,1
2024-08-17,70,-17,1
2024-08-17,70,2,1
2024-08-17,70,12,1
2024-08-17,70,13,1
2024-08-17,70,22,1
2024-08-17,70,23,1
2024-08-17,70,32,1
2024-08-17,70,34,1
2024-08-17,70,41,1
2024-08-17,70,54,1
2024-08-17,70,55,1
2024-08-17,70,76,1
2024-08-17,70,80,1
2024-08-17,70,96,1
2024-08-17,70,97,1
2024-08-17,70,100,1
2024-08-17,71,-90,1
2024-08-17,71,-75,1
2024-08-17,71,-71,1
2024-08-17,71,-67,1
2024-08-17,71,-49,1
2024-08-17,71,-33,1
2024-08-17,71,-30,1
2024-08-17,71,-27,1
2024-08-17,71,-14,1
2024-08-17,71,-9,1
2024-08-17,71,-4,1
2024-08-17,71,1,1
2024-08-17,71,18,1
2024-08-17,71,19,1
2024-08-17,71,21,1
2024-08-17,71,33,1
2024-08-17,71,34,1
2024-08-17,71,45,1
2024-08-17,71,77,1
2024-08-17,71,86,1
2024-08-17,71,87,1
2024-08-17,71,92,1
2024-08-17,71,94,1
2024-08-17,71,96,1
2024-08-17,72,-65,1
2024-08-17,72,-46,2
2024-08-17,72,-42,1
2024-08-17,72,-39,1
2024-08-17,72,-37,1
2024-08-17,72,-16,1
2024-08-17,72,3,2
2024-08-17,72,6,1
2024-08-17,72,8,1
2024-08-17,72,12,1
2024-08-17,72,14,1
2024-08-17,72,19,2
2024-08-17,72,22,1
2024-08-17,72,24,1
2024-08-17,72,33,1
2024-08-17,72,36,1
2024-08-17,72,43,1
2024-08-17,72,44,1
2024-08-17,72,56,1
2024-08-17,72,58,2
2024-08-17,72,59,1
2024-08-17,72,69,1
2024-08-17,72,73,1
2024-08-17,72,87,1
2024-08-17,72,90,1
2024-08-17,72,94,1
2024-08-17,73,-96,1
2024-08-17,73,-64,1
2024-08-17,73,-36,1
2024-08-17,73,-11,1
2024-08-17,73,-3,1
2024-08-17,73,16,1
2024-08-17,73,24,1
2024-08-17,73,32,1
2024-08-17,73,52,1
2024-08-17,73,57,1
2024-08-17,73,86,1
2024-08-17,73,99,1
2024-08-17,74,-91,1
2024-08-17,74,-87,1
2024-08-17,74,-81,1
2024-08-17,74,-73,1
2024-08-17,74,-63,1
2024-08-17,74,-51,1
2024-08-17,74,-35,1
2024-08-17,74,-34,1
2024-08-17,74,-33,1
2024-08-17,74,-29,1
2024-08-17,74,-14,1
2024-08-17,74,-13,1
2024-08-17,74,11,1
2024-08-17,74,14,1
2024-08-17,74,25,1
2024-08-17,74,29,1
2024-08-17,74,35,1
2024-08-17,74,38,1
2024-08-17,74,76,1
2024-08-17,74,86,1
2024-08-17,75,-64,1
2024-08-17,75,-61,1
2024-08-17,75,-58,1
2024-08-17,75,-50,1
2024-08-17,75,-41,1
2024-08-17,75,-28,1
2024-08-17,75,-11,2
2024-08-17,75,-9,1
2024-08-17,75,-7,1
2024-08-17,75,29,1
2024-08-17,75,37,2
2024-08-17,75,69,1
2024-08-17,75,73,1
2024-08-17,75,79,1
2024-08-17,76,-96,1
2024-08-17,76,-57,1
2024-08-17,76,-46,1
2024-08-17,76,-41,1
2024-08-17,76,-39,1
2024-08-17,76,-11,1
2024-08-17,76,-6,1
2024-08-17,76,-1,1
2024-08-17,76,24,1
2024-08-17,76,27,1
2024-08-17,76,29,1
2024-08-17,76,30,1
2024-08-17,76,36,1
2024-08-17,76,40,1
2024-08-17,76,41,1
2024-08-17,76,72,1
2024-08-17,76,76,1
2024-08-17,76,92,1
2024-08-17,76,98,1
2024-08-17,77,-76,1
2024-08-17,77,-74,1
2024-08-17,77,-55,1
2024-08-17,77,-46,1
2024-08-17,77,-43,1
2024-08-17,77,-37,1
2024-08-17,77,-32,1
2024-08-17,77,-11,1
2024-08-17,77,-6,1
2024-08-17,77,-5,1
2024-08-17,77,8,1
2024-08-17,77,13,2
2024-08-17,77,27,1
2024-08-17,77,28,1
2024-08-17,77,52,1
2024-08-17,77,71,1
2024-08-17,77,79,1
2024-08-17,77,82,1
2024-08-17,78,-73,1
2024-08-17,78,-38,1
2024-08-17,78,-32,1
2024-08-17,78,-19,1
2024-08-17,78,-17,1
2024-08-17,78,-13,1
2024-08-17,78,-8,1
2024-08-17,78,-2,1
2024-08-17,78,8,1
2024-08-17,78,14,1
2024-08-17,78,15,1
2024-08-17,78,21,1
2024-08-17,78,24,1
2024-08-17,78,26,1
2024-08-17,78,28,1
2024-08-17,78,38,1
2024-08-17,78,40,1
2024-08-17,78,45,1
2024-08-17,78,48,1
2024-08-17,78,50,1
2024-08-17,78,53,1
2024-08-17,78,54,1
2024-08-17,78,91,1
2024-08-17,79,-89,1
2024-08-17,79,-53,1
2024-08-17,79,-50,1
2024-08-17,79,-44,1
2024-08-17,79,-28,1
2024-08-17,79,-22,1
2024-08-17,79,14,1
2024-08-17,79,19,1
2024-08-17,79,27,1
2024-08-17,79,35,1
2024-08-17,79,46,1
2024-08-17,79,52,1
2024-08-17,79,60,1
2024-08-17,79,67,1
2024-08-17,79,79,1
2024-08-17,79,82,1
2024-08-17,80,-87,1
2024-08-17,80,-83,1
2024-08-17,80,-75,1
2024-08-17,80,-67,1
2024-08-17,80,-53,1
2024-08-17,80,-39,1
2024-08-17,80,-28,1
2024-08-17,80,-17,1
2024-08-17,80,8,1
2024-08-17,80,14,1
2024-08-17,80,20,1
2024-08-17,80,25,1
2024-08-17,80,60,1
2024-08-17,80,79,1
2024-08-17,80,94,1
2024-08-17,81,-87,1
2024-08-17,81,-86,1
2024-08-17,81,-82,1
2024-08-17,81,-69,1
2024-08-17,81,-66,2
2024-08-17,81,-57,1
2024-08-17,81,-45,1
2024-08-17,81,3,1
2024-08-17,81,7,1
2024-08-17,81,12,1
2024-08-17,81,17,1
2024-08-17,81,42,1
2024-08-17,81,62,1
2024-08-17,81,67,1
2024-08-17,81,74,1
2024-08-17,82,-78,1
2024-08-17,82,-75,1
2024-08-17,82,-17,1
2024-08-17,82,-16,1
2024-08-17,82,-11,1
2024-08-17,82,5,1
2024-08-17,82,28,1
2024-08-17,82,32,1
2024-08-17,82,38,1
2024-08-17,82,43,1
2024-08-17,82,48,1
2024-08-17,82,61,1
2024-08-17,82,65,1
2024-08-17,82,86,1
2024-08-17,82,89,1
2024-08-17,82,100,1
2024-08-17,83,-96,1
2024-08-17,83,-80,1
2024-08-17,83,-77,1
2024-08-17,83,-75,1
2024-08-17,83,-73,1
2024-08-17,83,-34,1
2024-08-17,83,-26,1
2024-08-17,83,-16,1
2024-08-17,83,-10,1
2024-08-17,83,-3,1
2024-08-17,83,-1,1
2024-08-17,83,21,1
2024-08-17,83,22,1
2024-08-17,83,23,1
2024-08-17,83,62,1
2024-08-17,83,71,1
2024-08-17,83,78,1
2024-08-17,83,86,1
2024-08-17,83,97,1
2024-08-17,83,100,1
2024-08-17,84,-90,1
2024-08-17,84,-67,1
2024-08-17,84,-51,1
2024-08-17,84,-45,1
2024-08-17,84,-43,1
2024-08-17,84,-37,1
2024-08-17,84,-36,1
2024-08-17,84,-25,1
2024-08-17,84,-14,1
2024-08-17,84,37,1
2024-08-17,84,52,1
2024-08-17,84,68,2
2024-08-17,84,71,1
2024-08-17,84,90,1
2024-08-17,85,-72,1
2024-08-17,85,-48,1
2024-08-17,85,-46,1
2024-08-17,85,-44,1
2024-08-17,85,-37,1
2024-08-17,85,-8,1
2024-08-17,85,-7,1
2024-08-17,85,2,1
2024-08-17,85,35,1
2024-08-17,85,41,1
2024-08-17,85,51,1
2024-08-17,85,72,1
2024-08-17,85,73,1
2024-08-17,85,74,1
2024-08-17,85,83,2
2024-08-17,85,85,1
2024-08-17,86,-94,1
2024-08-17,86,-87,1
2024-08-17,86,-40,1
2024-08-17,86,-26,3
2024-08-17,86,-15,1
2024-08-17,86,5,1
2024-08-17,86,11,1
2024-08-17,86,21,1
2024-08-17,86,22,1
2024-08-17,86,48,1
2024-08-17,86,60,1
2024-08-17,86,71,1
2024-08-17,86,90,1
2024-08-17,87,-71,1
2024-08-17,87,-64,1
2024-08-17,87,-35,1
2024-08-17,87,-27,1
2024-08-17,87,-9,1
2024-08-17,87,3,1
2024-08-17,87,36,1
2024-08-17,87,40,1
2024-08-17,87,45,1
2024-08-17,87,49,1
2024-08-17,87,82,1
2024-08-17,87,87,1
2024-08-17,87,95,1
2024-08-17,88,-94,1
2024-08-17,88,-91,1
2024-08-17,88,-80,1
2024-08-17,88,-76,1
2024-08-17,88,-69,1
2024-08-17,88,-63,1
2024-08-17,88,-46,1
2024-08-17,88,-36,1
2024-08-17,88,-28,1
2024-08-17,88,22,1
2024-08-17,88,25,1
2024-08-17,88,33,2
2024-08-17,88,34,1
2024-08-17,88,45,1
2024-08-17,88,51,1
2024-08-17,88,69,1
2024-08-17,88,70,1
2024-08-17,88,79,1
2024-08-17,89,-84,1
2024-08-17,89,-77,1
2024-08-17,89,-73,1
2024-08-17,89,-52,1
2024-08-17,89,-48,1
2024-08-17,89,-37,1
2024-08-17,89,-36,1
2024-08-17,89,-24,1
2024-08-17,89,-14,1
2024-08-17,89,-4,1
2024-08-17,89,9,1
2024-08-17,89,10,1
2024-08-17,89,23,1
2024-08-17,89,24,1
2024-08-17,89,25,1
2024-08-17,89,28,1
2024-08-17,89,40,1
2024-08-17,89,53,1
2024-08-17,89,55,1
2024-08-17,89,59,1
2024-08-17,89,61,3
2024-08-17,89,65,1
2024-08-17,89,73,1
2024-08-17,89,79,1
2024-08-17,89,88,1
2024-08-17,89,99,1
2024-08-17,90,-92,2
2024-08-17,90,-91,1
2024-08-17,90,-63,1
2024-08-17,90,-45,1
2024-08-17,90,-31,1
2024-08-17,90,-24,1
2024-08-17,90,-14,1
2024-08-17,90,-7,1
2024-08-17,90,-1,1
2024-08-17,90,3,2
2024-08-17,90,15,1
2024-08-17,90,27,1
2024-08-17,90,37,1
2024-08-17,90,68,2
2024-08-17,90,69,2
2024-08-17,90,84,1
2024-08-17,90,90,1
2024-08-17,90,91,1
2024-08-17,90,98,1
2024-08-17,91,-88,1
2024-08-17,91,-81,1
2024-08-17,91,-76,1
2024-08-17,91,-69,1
2024-08-17,91,-67,1
2024-08-17,91,-64,1
2024-08-17,91,-56,1
2024-08-17,91,-27,1
2024-08-17,91,-21,1
2024-08-17,91,-16,1
2024-08-17,91,-3,1
2024-08-17,91,11,1
2024-08-17,91,17,1
2024-08-17,91,23,2
2024-08-17,91,30,1
2024-08-17,91,44,1
2024-08-17,91,45,1
2024-08-17,91,51,1
2024-08-17,91,66,1
2024-08-17,91,77,1
2024-08-17,91,84,1
2024-08-17,92,-90,1
2024-08-17,92,-86,1
2024-08-17,92,-78,1
2024-08-17,92,-77,1
2024-08-17,92,-66,1
2024-08-17,92,-63,1
2024-08-17,92,-37,1
2024-08-17,92,12,1
2024-08-17,92,18,1
2024-08-17,92,19,1
2024-08-17,92,24,1
2024-08-17,92,26,1
2024-08-17,92,40,1
2024-08-17,92,44,2
2024-08-17,92,50,1
2024-08-17,92,53,1
2024-08-17,92,72,1
2024-08-17,92,76,1
2024-08-17,92,80,1
2024-08-17,92,91,1
2024-08-17,92,92,1
2024-08-17,93,-75,1
2024-08-17,93,-67,1
2024-08-17,93,-58,1
2024-08-17,93,-29,2
2024-08-17,93,-18,1
2024-08-17,93,-6,1
2024-08-17,93,-2,1
2024-08-17,93,7,1
2024-08-17,93,22,1
2024-08-17,93,24,1
2024-08-17,93,33,2
2024-08-17,93,81,1
2024-08-17,94,-75,1
2024-08-17,94,-50,1
2024-08-17,94,-35,1
2024-08-17,94,-28,1
2024-08-17,94,-18,1
2024-08-17,94,-14,1
2024-08-17,94,19,1
2024-08-17,94,27,1
2024-08-17,94,34,1
2024-08-17,94,40,2
2024-08-17,94,71,2
2024-08-17,94,85,1
2024-08-17,94,88,1
2024-08-17,94,97,1
2024-08-17,95,-80,1
2024-08-17,95,-78,1
2024-08-17,95,-70,2
2024-08-17,95,-56,1
2024-08-17,95,-52,1
2024-08-17,95,-42,1
2024-08-17,95,-33,1
2024-08-17,95,-32,1
2024-08-17,95,-28,1
2024-08-17,95,-13,1
2024-08-17,95,-3,1
2024-08-17,95,2,1
2024-08-17,95,18,1
2024-08-17,95,21,1
2024-08-17,95,22,1
2024-08-17,95,37,1
2024-08-17,95,40,1
2024-08-17,95,48,1
2024-08-17,95,55,1
2024-08-17,95,62,1
2024-08-17,95,78,1
2024-08-17,95,83,1
2024-08-17,96,-98,1
2024-08-17,96,-97,1
2024-08-17,96,-96,1
2024-08-17,96,-92,1
2024-08-17,96,-77,1
2024-08-17,96,-73,1
2024-08-17,96,-60,1
2024-08-17,96,-56,1
2024-08-17,96,-46,1
2024-08-17,96,-7,1
2024-08-17,96,5,1
2024-08-17,96,8,1
2024-08-17,96,10,1
2024-08-17,96,13,1
2024-08-17,96,16,1
2024-08-17,96,23,1
2024-08-17,96,26,1
2024-08-17,96,28,1
2024-08-17,96,58,1
2024-08-17,96,60,1
2024-08-17,96,62,1
2024-08-17,96,65,1
2024-08-17,96,74,1
2024-08-17,96,93,1
2024-08-17,97,-100,1
2024-08-17,97,-75,1
2024-08-17,97,-69,1
2024-08-17,97,-67,1
2024-08-17,97,-49,1
2024-08-17,97,-21,1
2024-08-17,97,-4,1
2024-08-17,97,24,1
2024-08-17,97,48,1
2024-08-17,97,49,1
2024-08-17,97,52,1
2024-08-17,97,64,1
2024-08-17,97,77,1
2024-08-17,97,83,1
2024-08-17,97,91,1
2024-08-17,97,96,1
2024-08-17,98,-85,1
2024-08-17,98,-75,1
2024-08-17,98,-74,2
2024-08-17,98,-73,1
2024-08-17,98,-67,1
2024-08-17,98,-51,1
2024-08-17,98,-41,1
2024-08-17,98,-40,1
2024-08-17,98,-32,1
2024-08-17,98,-29,1
2024-08-17,98,-25,1
2024-08-17,98,-16,1
2024-08-17,98,4,1
2024-08-17,98,15,1
2024-08-17,98,24,1
2024-08-17,98,30,1
2024-08-17,98,52,1
2024-08-17,98,77,1
2024-08-17,98,84,1
2024-08-17,99,-92,1
2024-08-17,99,-81,1
2024-08-17,99,-3,2
2024-08-17,99,2,1
2024-08-17,99,5,1
2024-08-17,99,49,1
2024-08-17,99,57,1
2024-08-17,99,68,1
2024-08-17,99,71,1
2024-08-18,60,-81,1
2024-08-18,60,-40,1
2024-08-18,60,-31,1
2024-08-18,60,-14,1
2024-08-18,60,17,1
2024-08-18,60,23,1
2024-08-18,60,34,1
2024-08-18,60,60,1
2024-08-18,60,67,1
2024-08-18,60,100,1
2024-08-18,61,-97,1
2024-08-18,61,-88,1
2024-08-18,61,-79,1
2024-08-18,61,-76,1
2024-08-18,61,-75,1
2024-08-18,61,-73,1
2024-08-18,61,-41,1
2024-08-18,61,-39,1
2024-08-18,61,-36,1
2024-08-18,61,-32,1
2024-08-18,61,-2,1
2024-08-18,61,1,1
2024-08-18,61,37,1
2024-08-18,61,38,1
2024-08-18,61,41,1
2024-08-18,61,59,1
2024-08-18,61,68,1
2024-08-18,61,81,1
2024-08-18,61,88,1
2024-08-18,61,90,1
2024-08-18,62,-87,1
2024-08-18,62,-73,1
2024-08-18,62,-57,1
2024-08-18,62,-34,1
2024-08-18,62,-31,2
2024-08-18,62,-16,1
2024-08-18,62,-10,1
2024-08-18,62,5,1
2024-08-18,62,7,1
2024-08-18,62,32,1
2024-08-18,62,37,1
2024-08-18,62,41,1
2024-08-18,62,82,1
2024-08-18,62,90,1
2024-08-18,63,-95,1
2024-08-18,63,-92,1
2024-08-18,63,-76,1
2024-08-18,63,-67,1
2024-08-18,63,-65,1
2024-08-18,63,-64,1
2024-08-18,63,-49,1
2024-08-18,63,-45,1
2024-08-18,63,-32,1
2024-08-18,63,-31,1
2024-08-18,63,-29,1
2024-08-18,63,-22,1
2024-08-18,63,-8,1
2024-08-18,63,-6,1
2024-08-18,63,19,1
2024-08-18,63,21,1
2024-08-18,63,23,1
2024-08-18,63,29,1
2024-08-18,63,47,1
2024-08-18,63,49,1
2024-08-18,63,78,1
2024-08-18,63,93,1
2024-08-18,64,-98,1
2024-08-18,64,-90,1
2024-08-18,64,-87,1
2024-08-18,64,-80,1
2024-08-18,64,-76,1
2024-08-18,64,-75,1
2024-08-18,64,-66,1
2024-08-18,64,-48,1
2024-08-18,64,-32,1
2024-08-18,64,-28,1
2024-08-18,64,13,1
2024-08-18,64,21,1
2024-08-18,64,28,1
2024-08-18,64,31,1
2024-08-18,64,48,1
2024-08-18,64,67,1
2024-08-18,64,76,1
2024-08-18,64,84,1
2024-08-18,64,92,1
2024-08-18,64,100,1
2024-08-18,65,-52,1
2024-08-18,65,-34,1
2024-08-18,65,-25,1
2024-08-18,65,-5,2
2024-08-18,65,-3,1
2024-08-18,65,0,1
2024-08-18,65,22,1
2024-08-18,65,23,1
2024-08-18,65,38,1
2024-08-18,65,48,1
2024-08-18,65,52,1
2024-08-18,65,58,1
2024-08-18,65,59,1
2024-08-18,65,65,1
2024-08-18,65,74,1
2024-08-18,65,79,1
2024-08-18,66,-93,1
2024-08-18,66,-85,1
2024-08-18,66,-78,1
2024-08-18,66,-70,1
2024-08-18,66,-53,1
2024-08-18,66,-23,1
2024-08-18,66,13,1
2024-08-18,66,20,1
2024-08-18,66,22,1
2024-08-18,66,36,1
2024-08-18,66,41,1
2024-08-18,66,44,1
2024-08-18,66,63,1
2024-08-18,66,85,1
2024-08-18,66,87,1
2024-08-18,66,93,1
2024-08-18,67,-58,1
2024-08-18,67,-49,1
2024-08-18,67,-46,1
2024-08-18,67,-9,1
2024-08-18,67,-7,1
2024-08-18,67,-5,1
2024-08-18,67,-1,1
2024-08-18,67,4,1
2024-08-18,67,15,1
2024-08-18,67,32,1
2024-08-18,67,37,1
2024-08-18,67,39,1
2024-08-18,67,41,1
2024-08-18,67,44,1
2024-08-18,67,49,2
2024-08-18,67,54,1
2024-08-18,67,72,1
2024-08-18,67,73,1
2024-08-18,67,79,1
2024-08-18,67,83,1
2024-08-18,67,98,1
2024-08-18,68,-90,1
2024-08-18,68,-75,1
2024-08-18,68,-24,1
2024-08-18,68,2,1
2024-08-18,68,11,1
2024-08-18,68,29,1
2024-08-18,68,34,1
2024-08-18,68,51,1
2024-08-18,68,54,1
2024-08-18,68,55,1
2024-08-18,68,63,1
2024-08-18,68,76,1
2024-08-18,68,93,1
2024-08-18,68,97,1
2024-08-18,69,-87,1
2024-08-18,69,-70,1
2024-08-18,69,-67,1
2024-08-18,69,-63,1
2024-08-18,69,-58,1
2024-08-18,69,-54,1
2024-08-18,69,-36,1
2024-08-18,69,-30,1
2024-08-18,69,-1,1
2024-08-18,69,3,1
2024-08-18,69,13,1
2024-08-18,69,18,2
2024-08-18,69,19,1
2024-08-18,69,25,1
2024-08-18,69,28,1
2024-08-18,69,40,1
2024-08-18,69,42,1
2024-08-18,69,44,1
2024-08-18,69,76,1
2024-08-18,69,82,1
2024-08-18,69,83,1
2024-08-18,69,99,1
2024-08-18,70,-93,1
2024-08-18,70,-83,1
2024-08-18,70,-75,1
2024-08-18,70,-72,1
2024-08-18,70,-57,1
2024-08-18,70,-50,1
2024-08-18,70,-35,1
2024-08-18,70,-21,1
2024-08-18,70,-20,1
2024-08-18,70,-14,1
2024-08-18,70,-7,1
2024-08-18,70,7,1
2024-08-18,70,9,1
2024-08-18,70,17,1
2024-08-18,70,21,1
2024-08-18,70,27,1
2024-08-18,70,33,1
2024-08-18,70,36,1
2024-08-18,70,44,1
2024-08-18,70,51,1
2024-08-18,70,54,1
2024-08-18,71,-95,1
2024-08-18,71,-93,1
2024-08-18,71,-79,1
2024-08-18,71,-72,1
2024-08-18,71,-68,1
2024-08-18,71,-67,1
2024-08-18,71,-58,1
2024-08-18,71,-48,2
2024-08-18,71,-14,1
2024-08-18,71,-7,1
2024-08-18,71,3,1
2024-08-18,71,17,1
2024-08-18,71,34,1
2024-08-18,71,42,1
2024-08-18,71,46,1
2024-08-18,71,52,1
2024-08-18,71,54,1
2024-08-18,71,59,1
2024-08-18,71,72,1
2024-08-18,71,74,1
2024-08-18,71,92,1
2024-08-18,71,93,1
2024-08-18,71,94,1
2024-08-18,72,-88,1
2024-08-18,72,-67,1
2024-08-18,72,-57,1
2024-08-18,72,-45,1
2024-08-18,72,-38,1
2024-08-18,72,-19,1
2024-08-18,72,-14,1
2024-08-18,72,18,1
2024-08-18,72,19,1
2024-08-18,72,33,1
2024-08-18,72,35,1
2024-08-18,72,36,1
2024-08-18,72,44,1
2024-08-18,72,58,2
2024-08-18,72,60,1
2024-08-18,72,65,1
2024-08-18,72,70,1
2024-08-18,72,80,1
2024-08-18,72,90,1
2024-08-18,72,96,1
2024-08-18,73,-99,1
2024-08-18,73,-94,1
2024-08-18,73,-86,1
2024-08-18,73,-81,1
2024-08-18,73,-80,1
2024-08-18,73,-79,2
2024-08-18,73,-66,1
2024-08-18,73,-44,1
2024-08-18,73,-36,1
2024-08-18,73,-31,1
2024-08-18,73,2,1
2024-08-18,73,4,1
2024-08-18,73,12,1
2024-08-18,73,44,1
2024-08-18,73,48,1
2024-08-18,73,57,1
2024-08-18,73,65,1
2024-08-18,73,74,1
2024-08-18,73,83,1
2024-08-18,73,90,1
2024-08-18,74,-84,1
2024-08-18,74,-73,1
2024-08-18,74,-69,1
2024-08-18,74,-68,1
2024-08-18,74,-47,1
2024-08-18,74,-3,1
2024-08-18,74,5,1
2024-08-18,74,9,1
2024-08-18,74,11,1
2024-08-18,74,28,1
2024-08-18,74,36,1
2024-08-18,74,38,1
2024-08-18,74,97,1
2024-08-18,75,-92,2
2024-08-18,75,-78,1
2024-08-18,75,-76,1
2024-08-18,75,-71,1
2024-08-18,75,-48,1
2024-08-18,75,-12,1
2024-08-18,75,-11,1
2024-08-18,75,-7,1
2024-08-18,75,4,1
2024-08-18,75,12,1
2024-08-18,75,21,1
2024-08-18,75,37,1
2024-08-18,75,53,1
2024-08-18,75,66,1
2024-08-18,75,81,1
2024-08-18,75,97,1
2024-08-18,76,-98,1
2024-08-18,76,-86,1
2024-08-18,76,-83,1
2024-08-18,76,-81,1
2024-08-18,76,-70,1
2024-08-18,76,-47,1
2024-08-18,76,-34,1
2024-08-18,76,-6,1
2024-08-18,76,-3,1
2024-08-18,76,-2,1
2024-08-18,76,3,1
2024-08-18,76,13,1
2024-08-18,76,64,1
2024-08-18,76,81,1
2024-08-18,76,90,1
2024-08-18,76,92,1
2024-08-18,77,-99,1
2024-08-18,77,-93,1
2024-08-18,77,-59,1
2024-08-18,77,-54,1
2024-08-18,77,-50,1
2024-08-18,77,-40,1
2024-08-18,77,-37,1
2024-08-18,77,-34,1
2024-08-18,77,-23,1
2024-08-18,77,-18,2
2024-08-18,77,-5,1
2024-08-18,77,-4,1
2024-08-18,77,52,1
2024-08-18,77,82,1
2024-08-18,77,98,1
2024-08-18,78,-92,1
2024-08-18,78,-86,1
2024-08-18,78,-67,1
2024-08-18,78,-57,1
2024-08-18,78,-41,1
2024-08-18,78,-37,1
2024-08-18,78,-30,1
2024-08-18,78,-8,1
2024-08-18,78,7,1
2024-08-18,78,41,1
2024-08-18,78,42,1
2024-08-18,78,44,1
2024-08-18,78,48,1
2024-08-18,78,59,1
2024-08-18,78,65,1
2024-08-18,78,71,1
2024-08-18,78,80,1
2024-08-18,79,-89,1
2024-08-18,79,-70,1
2024-08-18,79,-69,1
2024-08-18,79,-63,1
2024-08-18,79,-28,1
2024-08-18,79,-25,1
2024-08-18,79,-19,1
2024-08-18,79,-7,1
2024-08-18,79,-5,1
2024-08-18,79,-3,1
2024-08-18,79,11,2
2024-08-18,79,13,1
2024-08-18,79,19,1
2024-08-18,79,21,1
2024-08-18,79,44,1
2024-08-18,79,46,1
2024-08-18,79,49,1
2024-08-18,79,63,1
2024-08-18,79,67,1
2024-08-18,79,80,1
2024-08-18,79,85,1
2024-08-18,79,86,1
2024-08-18,79,91,1
2024-08-18,79,99,1
2024-08-18,80,-97,1
2024-08-18,80,-76,2
2024-08-18,80,-75,1
2024-08-18,80,-70,1
2024-08-18,80,-69,1
2024-08-18,80,-55,1
2024-08-18,80,-50,1
2024-08-18,80,-44,1
2024-08-18,80,-43,1
2024-08-18,80,-30,1
2024-08-18,80,-29,1
2024-08-18,80,-28,2
2024-08-18,80,-20,1
2024-08-18,80,-12,1
2024-08-18,80,0,1
2024-08-18,80,21,1
2024-08-18,80,22,1
2024-08-18,80,23,1
2024-08-18,80,54,1
2024-08-18,81,-92,1
2024-08-18,81,-88,1
2024-08-18,81,-85,1
2024-08-18,81,-83,1
2024-08-18,81,-75,1
2024-08-18,81,-62,1
2024-08-18,81,-60,1
2024-08-18,81,-47,1
2024-08-18,81,-40,1
2024-08-18,81,-37,1
2024-08-18,81,-30,1
2024-08-18,81,-24,1
2024-08-18,81,9,1
2024-08-18,81,20,1
2024-08-18,81,24,1
2024-08-18,81,30,1
2024-08-18,81,38,1
2024-08-18,81,41,1
2024-08-18,81,46,1
2024-08-18,81,64,1
2024-08-18,81,76,1
2024-08-18,82,-93,1
2024-08-18,82,-85,1
2024-08-18,82,-60,1
2024-08-18,82,-56,1
2024-08-18,82,-39,1
2024-08-18,82,-36,1
2024-08-18,82,31,1
2024-08-18,82,37,1
2024-08-18,82,38,1
2024-08-18,82,55,1
2024-08-18,82,58,1
2024-08-18,82,71,1
2024-08-18,82,73,1
2024-08-18,82,76,1
2024-08-18,82,86,1
2024-08-18,82,91,1
2024-08-18,82,92,1
2024-08-18,83,-91,1
2024-08-18,83,-74,1
2024-08-18,83,-58,1
2024-08-18,83,-46,1
2024-08-18,83,-45,2
2024-08-18,83,-40,1
2024-08-18,83,-35,1
2024-08-18,83,-29,2
2024-08-18,83,-25,1
2024-08-18,83,-23,1
2024-08-18,83,-16,1
2024-08-18,83,-10,1
2024-08-18,83,-7,1
2024-08-18,83,-6,1
2024-08-18,83,-2,1
2024-08-18,83,24,1
2024-08-18,83,57,1
2024-08-18,83,65,1
2024-08-18,83,94,1
2024-08-18,83,97,1
2024-08-18,83,98,1
2024-08-18,84,-85,1
2024-08-18,84,-74,1
2024-08-18,84,-67,1
2024-08-18,84,-64,1
2024-08-18,84,-63,1
2024-08-18,84,-45,1
2024-08-18,84,-42,1
2024-08-18,84,-39,1
2024-08-18,84,-28,1
2024-08-18,84,-21,1
2024-08-18,84,-16,1
2024-08-18,84,3,1
2024-08-18,84,9,1
2024-08-18,84,14,1
2024-08-18,84,19,1
2024-08-18,84,34,1
2024-08-18,84,44,1
2024-08-18,84,55,1
2024-08-18,84,61,1
2024-08-18,84,67,1
2024-08-18,84,81,1
2024-08-18,85,-100,1
2024-08-18,85,-95,1
2024-08-18,85,-79,1
2024-08-18,85,-69,1
2024-08-18,85,-42,1
2024-08-18,85,-40,1
2024-08-18,85,-36,1
2024-08-18,85,-25,1
2024-08-18,85,-19,1
2024-08-18,85,-15,1
2024-08-18,85,-10,1
2024-08-18,85,-6,1
2024-08-18,85,14,1
2024-08-18,85,19,1
2024-08-18,85,29,1
2024-08-18,85,39,1
2024-08-18,85,70,1
2024-08-18,85,74,1
2024-08-18,85,77,2
2024-08-18,86,-99,1
2024-08-18,86,-78,1
2024-08-18,86,-51,2
2024-08-18,86,-39,1
2024-08-18,86,-38,1
2024-08-18,86,-36,1
2024-08-18,86,-34,1
2024-08-18,86,-33,1
2024-08-18,86,-7,1
2024-08-18,86,-6,1
2024-08-18,86,10,1
2024-08-18,86,13,1
2024-08-18,86,36,1
2024-08-18,86,64,1
2024-08-18,86,66,1
2024-08-18,86,93,2
2024-08-18,87,-100,1
2024-08-18,87,-94,2
2024-08-18,87,-87,1
2024-08-18,87,-82,1
2024-08-18,87,-78,1
2024-08-18,87,-73,1
2024-08-18,87,-62,1
2024-08-18,87,-57,1
2024-08-18,87,-55,1
2024-08-18,87,-18,1
2024-08-18,87,-13,1
2024-08-18,87,-11,1
2024-08-18,87,2,1
2024-08-18,87,9,1
2024-08-18,87,10,1
2024-08-18,87,32,1
2024-08-18,87,34,1
2024-08-18,87,36,1
2024-08-18,87,50,1
2024-08-18,87,75,1
2024-08-18,87,76,1
2024-08-18,87,78,1
2024-08-18,88,-64,1
2024-08-18,88,-63,1
2024-08-18,88,-59,1
2024-08-18,88,-30,1
2024-08-18,88,-18,1
2024-08-18,88,-16,1
2024-08-18,88,-11,1
2024-08-18,88,11,1
2024-08-18,88,12,1
2024-08-18,88,46,1
2024-08-18,88,70,1
2024-08-18,88,92,1
2024-08-18,88,97,1
2024-08-18,89,-98,1
2024-08-18,89,-59,1
2024-08-18,89,-49,2
2024-08-18,89,-41,1
2024-08-18,89,-38,1
2024-08-18,89,-30,1
2024-08-18,89,-28,1
2024-08-18,89,-21,2
2024-08-18,89,-16,1
2024-08-18,89,-9,1
2024-08-18,89,5,1
2024-08-18,89,15,1
2024-08-18,89,23,1
2024-08-18,89,30,1
2024-08-18,89,32,1
2024-08-18,89,92,1
2024-08-18,89,93,1
2024-08-18,89,96,1
2024-08-18,90,-82,1
2024-08-18,90,-80,1
2024-08-18,90,-76,1
2024-08-18,90,-60,1
2024-08-18,90,-52,1
2024-08-18,90,-47,1
2024-08-18,90,-27,1
2024-08-18,90,-1,1
2024-08-18,90,9,1
2024-08-18,90,19,1
2024-08-18,90,21,1
2024-08-18,90,28,1
2024-08-18,90,49,1
2024-08-18,90,59,1
2024-08-18,90,62,1
2024-08-18,90,66,1
2024-08-18,90,71,1
2024-08-18,90,76,1
2024-08-18,90,81,1
2024-08-18,90,82,1
2024-08-18,90,86,1
2024-08-18,90,98,1
2024-08-18,91,-82,1
2024-08-18,91,-54,1
2024-08-18,91,-14,1
2024-08-18,91,-8,1
2024-08-18,91,-3,1
2024-08-18,91,0,1
2024-08-18,91,9,1
2024-08-18,91,16,1
2024-08-18,91,19,1
2024-08-18,91,21,1
2024-08-18,91,34,1
2024-08-18,91,39,1
2024-08-18,91,41,1
2024-08-18,91,55,1
2024-08-18,91,66,1
2024-08-18,91,70,1
2024-08-18,91,83,1
2024-08-18,91,92,1
2024-08-18,92,-78,1
2024-08-18,92,-63,1
2024-08-18,92,-36,1
2024-08-18,92,-33,1
2024-08-18,92,-25,1
2024-08-18,92,-20,1
2024-08-18,92,-14,1
2024-08-18,92,-4,1
2024-08-18,92,28,1
2024-08-18,92,34,1
2024-08-18,92,40,1
2024-08-18,92,47,1
2024-08-18,92,48,1
2024-08-18,92,58,1
2024-08-18,92,66,1
2024-08-18,92,80,1
2024-08-18,92,98,1
2024-08-18,93,-98,1
2024-08-18,93,-96,1
2024-08-18,93,-95,1
2024-08-18,93,-94,1
2024-08-18,93,-72,1
2024-08-18,93,-69,1
2024-08-18,93,-63,1
2024-08-18,93,-47,1
2024-08-18,93,-27,1
2024-08-18,93,18,1
2024-08-18,93,21,1
2024-08-18,93,35,1
2024-08-18,93,51,1
2024-08-18,93,54,1
2024-08-18,93,63,1
2024-08-18,93,79,1
2024-08-18,93,84,2
2024-08-18,93,99,1
2024-08-18,94,-94,1
2024-08-18,94,-92,1
2024-08-18,94,-91,1
2024-08-18,94,-79,1
2024-08-18,94,-70,1
2024-08-18,94,-68,1
2024-08-18,94,-63,1
2024-08-18,94,-56,1
2024-08-18,94,-53,1
2024-08-18,94,-26,1
2024-08-18,94,-19,1
2024-08-18,94,-14,1
2024-08-18,94,-10,1
2024-08-18,94,-9,2
2024-08-18,94,18,2
2024-08-18,94,25,1
2024-08-18,94,35,1
2024-08-18,94,44,2
2024-08-18,94,56,1
2024-08-18,94,63,1
2024-08-18,94,84,1
2024-08-18,94,90,1
2024-08-18,94,91,1
2024-08-18,94,96,1
2024-08-18,95,-80,1
2024-08-18,95,-79,1
2024-08-18,95,-71,1
2024-08-18,95,-41,1
2024-08-18,95,-40,1
2024-08-18,95,-38,1
2024-08-18,95,-23,1
2024-08-18,95,-2,1
2024-08-18,95,0,1
2024-08-18,95,8,1
2024-08-18,95,9,1
2024-08-18,95,12,1
2024-08-18,95,19,1
2024-08-18,95,24,1
2024-08-18,95,29,1
2024-08-18,95,32,1
2024-08-18,95,58,1
2024-08-18,95,72,1
2024-08-18,95,73,1
2024-08-18,95,96,1
2024-08-18,96,-97,1
2024-08-18,96,-80,1
2024-08-18,96,-72,1
2024-08-18,96,-69,1
2024-08-18,96,-61,1
2024-08-18,96,-54,1
2024-08-18,96,-49,1
2024-08-18,96,-38,1
2024-08-18,96,-30,1
2024-08-18,96,-16,1
2024-08-18,96,2,1
2024-08-18,96,4,1
2024-08-18,96,7,1
2024-08-18,96,12,1
2024-08-18,96,15,1
2024-08-18,96,17,1
2024-08-18,96,18,1
2024-08-18,96,26,1
2024-08-18,96,30,1
2024-08-18,96,39,1
2024-08-18,96,40,1
2024-08-18,96,47,1
2024-08-18,96,58,1
2024-08-18,96,71,2
2024-08-18,96,78,1
2024-08-18,97,-93,1
2024-08-18,97,-86,1
2024-08-18,97,-82,1
2024-08-18,97,-81,1
2024-08-18,97,-72,1
2024-08-18,97,-71,1
2024-08-18,97,-66,1
2024-08-18,97,-49,1
2024-08-18,97,-23,1
2024-08-18,97,11,1
2024-08-18,97,29,1
2024-08-18,97,32,1
2024-08-18,97,53,1
2024-08-18,97,63,1
2024-08-18,97,67,1
2024-08-18,97,77,1
2024-08-18,97,78,1
2024-08-18,97,81,1
2024-08-18,97,83,1
2024-08-18,98,-98,1
2024-08-18,98,-85,1
2024-08-18,98,-73,1
2024-08-18,98,-68,1
2024-08-18,98,-61,1
2024-08-18,98,-44,1
2024-08-18,98,-28,1
2024-08-18,98,-5,1
2024-08-18,98,7,1
2024-08-18,98,23,1
2024-08-18,98,33,1
2024-08-18,98,41,1
2024-08-18,98,55,1
2024-08-18,98,56,1
2024-08-18,98,62,1
2024-08-18,98,67,1
2024-08-18,98,68,1
2024-08-18,98,74,1
2024-08-18,98,89,1
2024-08-18,99,-90,1
2024-08-18,99,57,1
2024-08-18,99,99,1
2024-08-19,60,-63,1
2024-08-19,60,21,1
2024-08-19,60,47,1
2024-08-19,60,58,1
2024-08-19,60,60,1
2024-08-19,60,64,1
2024-08-19,61,-98,1
2024-08-19,61,-96,2
2024-08-19,61,-80,1
2024-08-19,61,-74,1
2024-08-19,61,-73,1
2024-08-19,61,-71,1
2024-08-19,61,-70,1
2024-08-19,61,-61,1
2024-08-19,61,-56,1
2024-08-19,61,-54,1
2024-08-19,61,-49,1
2024-08-19,61,-47,1
2024-08-19,61,-42,1
2024-08-19,61,-35,1
2024-08-19,61,-5,1
2024-08-19,61,12,1
2024-08-19,61,20,1
2024-08-19,61,46,1
2024-08-19,61,55,1
2024-08-19,61,70,1
2024-08-19,61,80,1
2024-08-19,61,89,1
2024-08-19,62,-97,1
2024-08-19,62,-84,1
2024-08-19,62,-80,1
2024-08-19,62,-51,1
2024-08-19,62,-39,1
2024-08-19,62,-37,1
2024-08-19,62,-35,2
2024-08-19,62,-24,1
2024-08-19,62,-13,1
2024-08-19,62,-7,1
2024-08-19,62,3,1
2024-08-19,62,24,2
2024-08-19,62,28,1
2024-08-19,62,35,1
2024-08-19,62,44,1
2024-08-19,62,53,3
2024-08-19,62,61,1
2024-08-19,62,67,1
2024-08-19,62,79,1
2024-08-19,62,88,1
2024-08-19,62,94,1
2024-08-19,62,95,1
2024-08-19,63,-89,1
2024-08-19,63,-29,1
2024-08-19,63,-28,1
2024-08-19,63,-24,1
2024-08-19,63,-3,1
2024-08-19,63,7,1
2024-08-19,63,22,1
2024-08-19,63,32,1
2024-08-19,63,48,1
2024-08-19,63,51,1
2024-08-19,63,71,1
2024-08-19,63,74,1
2024-08-19,64,-94,1
2024-08-19,64,-71,1
2024-08-19,64,-37,1
2024-08-19,64,-35,1
2024-08-19,64,-29,1
2024-08-19,64,-28,1
2024-08-19,64,-11,1
2024-08-19,64,14,2
2024-08-19,64,44,1
2024-08-19,64,58,1
2024-08-19,64,77,1
2024-08-19,64,78,2
2024-08-19,64,80,1
2024-08-19,64,86,2
2024-08-19,64,95,1
2024-08-19,65,-91,1
2024-08-19,65,-84,1
2024-08-19,65,-62,1
2024-08-19,65,-34,1
2024-08-19,65,-31,2
2024-08-19,65,-29,1
2024-08-19,65,-1,1
2024-08-19,65,21,1
2024-08-19,65,76,1
2024-08-19,65,83,1
2024-08-19,65,84,1
2024-08-19,65,91,1
2024-08-19,66,-100,1
2024-08-19,66,-87,1
2024-08-19,66,-78,1
2024-08-19,66,-70,1
2024-08-19,66,-68,1
2024-08-19,66,-51,1
2024-08-19,66,-36,1
2024-08-19,66,-35,1
2024-08-19,66,-6,1
2024-08-19,66,-5,1
2024-08-19,66,2,1
2024-08-19,66,5,1
2024-08-19,66,12,1
2024-08-19,66,16,1
2024-08-19,66,24,1
2024-08-19,66,25,1
2024-08-19,66,32,1
2024-08-19,66,33,1
2024-08-19,66,40,1
2024-08-19,66,47,1
2024-08-19,66,52,1
2024-08-19,66,56,1
2024-08-19,66,58,1
2024-08-19,66,64,1
2024-08-19,66,83,1
2024-08-19,66,85,1
2024-08-19,66,90,1
2024-08-19,67,-99,1
2024-08-19,67,-96,1
2024-08-19,67,-89,1
2024-08-19,67,-80,1
2024-08-19,67,-52,1
2024-08-19,67,-39,1
2024-08-19,67,-35,1
2024-08-19,67,-32,1
2024-08-19,67,-27,1
2024-08-19,67,-24,1
2024-08-19,67,-23,2
2024-08-19,67,-1,1
2024-08-19,67,6,1
2024-08-19,67,17,1
2024-08-19,67,21,1
2024-08-19,67,23,1
2024-08-19,67,31,1
2024-08-19,67,33,1
2024-08-19,67,43,1
2024-08-19,67,46,1
2024-08-19,67,54,1
2024-08-19,67,59,1
2024-08-19,67,65,1
2024-08-19,67,74,2
2024-08-19,67,90,1
2024-08-19,68,-98,1
2024-08-19,68,-95,1
2024-08-19,68,-87,1
2024-08-19,68,-75,1
2024-08-19,68,-66,1
2024-08-19,68,-60,1
2024-08-19,68,-48,1
2024-08-19,68,-22,1
2024-08-19,68,9,1
2024-08-19,68,15,1
2024-08-19,68,21,1
2024-08-19,68,22,1
2024-08-19,68,28,1
2024-08-19,68,32,1
2024-08-19,68,45,1
2024-08-19,68,51,1
2024-08-19,68,77,1
2024-08-19,68,78,1
2024-08-19,69,-95,1
2024-08-19,69,-87,1
2024-08-19,69,-82,1
2024-08-19,69,-64,1
2024-08-19,69,-63,1
2024-08-19,69,-26,2
2024-08-19,69,-9,1
2024-08-19,69,-5,1
2024-08-19,69,31,1
2024-08-19,69,45,1
2024-08-19,69,55,1
2024-08-19,69,57,1
2024-08-19,69,60,1
2024-08-19,69,69,1
2024-08-19,69,71,1
2024-08-19,70,-70,1
2024-08-19,70,-50,2
2024-08-19,70,-43,1
2024-08-19,70,-39,2
2024-08-19,70,15,1
2024-08-19,70,20,1
2024-08-19,70,33,1
2024-08-19,70,44,1
2024-08-19,70,53,1
2024-08-19,70,57,1
2024-08-19,70,70,1
2024-08-19,71,-94,1
2024-08-19,71,-81,1
2024-08-19,71,-72,1
2024-08-19,71,-63,1
2024-08-19,71,-57,1
2024-08-19,71,-47,1
2024-08-19,71,-45,2
2024-08-19,71,-37,1
2024-08-19,71,-36,1
2024-08-19,71,-34,1
2024-08-19,71,-27,1
2024-08-19,71,-19,1
2024-08-19,71,-2,1
2024-08-19,71,21,1
2024-08-19,71,24,1
2024-08-19,71,27,1
2024-08-19,71,32,1
2024-08-19,71,48,1
2024-08-19,71,61,1
2024-08-19,71,62,1
2024-08-19,71,96,1
2024-08-19,72,-86,1
2024-08-19,72,-85,1
2024-08-19,72,-84,1
2024-08-19,72,-79,1
2024-08-19,72,-78,1
2024-08-19,72,-74,1
2024-08-19,72,-61,1
2024-08-19,72,-48,1
2024-08-19,72,-28,1
2024-08-19,72,1,1
2024-08-19,72,15,1
2024-08-19,72,21,1
2024-08-19,72,28,2
2024-08-19,72,31,1
2024-08-19,72,33,1
2024-08-19,72,34,1
2024-08-19,72,36,1
2024-08-19,72,46,1
2024-08-19,72,74,1
2024-08-19,72,90,1
2024-08-19,72,99,1
2024-08-19,73,-79,1
2024-08-19,73,-77,1
2024-08-19,73,-69,1
2024-08-19,73,-56,1
2024-08-19,73,-50,1
2024-08-19,73,-41,1
2024-08-19,73,-38,1
2024-08-19,73,-23,1
2024-08-19,73,7,1
2024-08-19,73,11,1
2024-08-19,73,18,1
2024-08-19,73,29,1
2024-08-19,73,33,1
2024-08-19,73,42,1
2024-08-19,73,58,1
2024-08-19,73,83,1
2024-08-19,73,87,1
2024-08-19,74,-86,1
2024-08-19,74,-79,1
2024-08-19,74,-41,1
2024-08-19,74,-28,1
2024-08-19,74,-21,1
2024-08-19,74,-3,1
2024-08-19,74,13,1
2024-08-19,74,18,1
2024-08-19,74,26,1
2024-08-19,74,44,1
2024-08-19,74,56,1
2024-08-19,74,58,1
2024-08-19,74,62,1
2024-08-19,74,69,1
2024-08-19,74,90,2
2024-08-19,74,92,1
2024-08-19,74,97,1
2024-08-19,75,-93,1
2024-08-19,75,-87,1
2024-08-19,75,-83,2
2024-08-19,75,-78,1
2024-08-19,75,-73,1
2024-08-19,75,-67,1
2024-08-19,75,-66,1
2024-08-19,75,-60,1
2024-08-19,75,-19,1
2024-08-19,75,-16,1
2024-08-19,75,-12,1
2024-08-19,75,-2,1
2024-08-19,75,31,1
2024-08-19,75,53,1
2024-08-19,75,58,1
2024-08-19,75,69,1
2024-08-19,75,91,1
2024-08-19,75,93,1
2024-08-19,76,-99,1
2024-08-19,76,-90,1
2024-08-19,76,-85,1
2024-08-19,76,-84,1
2024-08-19,76,-76,1
2024-08-19,76,-59,1
2024-08-19,76,-50,1
2024-08-19,76,-45,1
2024-08-19,76,-42,1
2024-08-19,76,-29,1
2024-08-19,76,2,1
2024-08-19,76,14,1
2024-08-19,76,16,1
2024-08-19,76,34,1
2024-08-19,76,36,1
2024-08-19,76,47,1
2024-08-19,76,56,1
2024-08-19,76,60,1
2024-08-19,76,65,1
2024-08-19,76,89,1
2024-08-19,77,-79,1
2024-08-19,77,-69,1
2024-08-19,77,-33,1
2024-08-19,77,-28,1
2024-08-19,77,-25,1
2024-08-19,77,-23,1
2024-08-19,77,-22,1
2024-08-19,77,-6,1
2024-08-19,77,-4,1
2024-08-19,77,8,1
2024-08-19,77,25,1
2024-08-19,77,46,1
2024-08-19,77,56,1
2024-08-19,77,87,1
2024-08-19,78,-80,1
2024-08-19,78,-66,1
2024-08-19,78,-63,1
2024-08-19,78,-59,1
2024-08-19,78,-43,1
2024-08-19,78,-42,1
2024-08-19,78,-35,1
2024-08-19,78,-34,1
2024-08-19,78,-33,1
2024-08-19,78,-17,1
2024-08-19,78,-15,1
2024-08-19,78,-11,1
2024-08-19,78,-6,1
2024-08-19,78,2,2
2024-08-19,78,4,1
2024-08-19,78,28,1
2024-08-19,78,30,1
2024-08-19,78,44,1
2024-08-19,78,57,1
2024-08-19,78,78,1
2024-08-19,78,83,1
2024-08-19,79,-100,1
2024-08-19,79,-96,1
2024-08-19,79,-52,1
2024-08-19,79,-31,1
2024-08-19,79,-22,1
2024-08-19,79,-3,1
2024-08-19,79,4,1
2024-08-19,79,27,1
2024-08-19,79,62,1
2024-08-19,79,83,1
2024-08-19,79,85,1
2024-08-19,80,-82,2
2024-08-19,80,-45,1
2024-08-19,80,-29,1
2024-08-19,80,-22,1
2024-08-19,80,-17,1
2024-08-19,80,-11,1
2024-08-19,80,-4,1
2024-08-19,80,12,1
2024-08-19,80,43,1
2024-08-19,80,50,1
2024-08-19,80,67,1
2024-08-19,80,81,1
2024-08-19,80,95,1
2024-08-19,81,-90,1
2024-08-19,81,-86,1
2024-08-19,81,-76,1
2024-08-19,81,-65,1
2024-08-19,81,-60,1
2024-08-19,81,-57,1
2024-08-19,81,-24,1
2024-08-19,81,-17,1
2024-08-19,81,-13,1
2024-08-19,81,-6,1
2024-08-19,81,1,1
2024-08-19,81,2,2
2024-08-19,81,17,1
2024-08-19,81,33,1
2024-08-19,81,41,1
2024-08-19,81,46,1
2024-08-19,81,50,1
2024-08-19,81,55,1
2024-08-19,81,56,1
2024-08-19,81,83,1
2024-08-19,81,85,1
2024-08-19,81,88,1
2024-08-19,82,-76,1
2024-08-19,82,-70,1
2024-08-19,82,-62,1
2024-08-19,82,-60,1
2024-08-19,82,-43,1
2024-08-19,82,9,1
2024-08-19,82,27,1
2024-08-19,82,58,1
2024-08-19,82,83,1
2024-08-19,83,-98,1
2024-08-19,83,-77,1
2024-08-19,83,-62,1
2024-08-19,83,-31,1
2024-08-19,83,-16,1
2024-08-19,83,-11,1
2024-08-19,83,-3,1
2024-08-19,83,2,1
2024-08-19,83,9,1
2024-08-19,83,16,1
2024-08-19,83,17,1
2024-08-19,83,43,2
2024-08-19,83,67,1
2024-08-19,83,85,1
2024-08-19,83,94,1
2024-08-19,84,-78,1
2024-08-19,84,-77,1
2024-08-19,84,-76,1
2024-08-19,84,-68,1
2024-08-19,84,-66,1
2024-08-19,84,-58,1
2024-08-19,84,-35,1
2024-08-19,84,-33,3
2024-08-19,84,-10,1
2024-08-19,84,6,1
2024-08-19,84,24,1
2024-08-19,84,36,1
2024-08-19,84,44,1
2024-08-19,84,46,1
2024-08-19,84,56,1
2024-08-19,84,82,1
2024-08-19,85,-32,1
2024-08-19,85,-21,1
2024-08-19,85,-20,1
2024-08-19,85,-16,1
2024-08-19,85,-12,1
2024-08-19,85,-7,1
2024-08-19,85,-5,1
2024-08-19,85,21,1
2024-08-19,85,22,1
2024-08-19,85,37,1
2024-08-19,85,47,1
2024-08-19,85,60,1
2024-08-19,85,62,1
2024-08-19,85,78,1
2024-08-19,85,80,1
2024-08-19,85,92,2
2024-08-19,86,-95,1
2024-08-19,86,-81,1
2024-08-19,86,-79,1
2024-08-19,86,-66,1
2024-08-19,86,-63,1
2024-08-19,86,-54,1
2024-08-19,86,-34,1
2024-08-19,86,-26,1
2024-08-19,86,-23,1
2024-08-19,86,-14,1
2024-08-19,86,29,1
2024-08-19,86,33,1
2024-08-19,86,42,1
2024-08-19,86,76,1
2024-08-19,86,99,1
2024-08-19,87,-79,1
2024-08-19,87,-68,1
2024-08-19,87,-53,1
2024-08-19,87,-49,1
2024-08-19,87,-43,1
2024-08-19,87,-35,1
2024-08-19,87,-5,1
2024-08-19,87,0,1
2024-08-19,87,53,1
2024-08-19,87,57,1
2024-08-19,87,62,1
2024-08-19,87,85,1
2024-08-19,87,87,1
2024-08-19,87,94,1
2024-08-19,88,-89,1
2024-08-19,88,-86,1
2024-08-19,88,-76,1
2024-08-19,88,-67,1
2024-08-19,88,-14,1
2024-08-19,88,-2,1
2024-08-19,88,19,1
2024-08-19,88,23,1
2024-08-19,88,27,1
2024-08-19,88,38,1
2024-08-19,88,43,1
2024-08-19,88,53,1
2024-08-19,88,69,1
2024-08-19,88,76,1
2024-08-19,89,-90,1
2024-08-19,89,-86,1
2024-08-19,89,-84,1
2024-08-19,89,-66,1
2024-08-19,89,-50,1
2024-08-19,89,-46,1
2024-08-19,89,-45,1
2024-08-19,89,-14,1
2024-08-19,89,-8,1
2024-08-19,89,-2,1
2024-08-19,89,0,1
2024-08-19,89,5,1
2024-08-19,89,7,1
2024-08-19,89,56,1
2024-08-19,89,79,1
2024-08-19,89,95,1
2024-08-19,90,-81,1
2024-08-19,90,-78,1
2024-08-19,90,-72,1
2024-08-19,90,-70,1
2024-08-19,90,-59,1
2024-08-19,90,-44,1
2024-08-19,90,-33,1
2024-08-19,90,-29,1
2024-08-19,90,39,1
2024-08-19,90,49,1
2024-08-19,90,85,1
2024-08-19,90,92,1
2024-08-19,91,-86,1
2024-08-19,91,-77,1
2024-08-19,91,-71,1
2024-08-19,91,-26,1
2024-08-19,91,-18,1
2024-08-19,91,-13,1
2024-08-19,91,-7,1
2024-08-19,91,4,1
2024-08-19,91,5,1
2024-08-19,91,12,1
2024-08-19,91,44,2
2024-08-19,91,47,1
2024-08-19,91,60,1
2024-08-19,91,83,1
2024-08-19,91,84,1
2024-08-19,91,88,1
2024-08-19,91,98,1
2024-08-19,92,-67,1
2024-08-19,92,-66,1
2024-08-19,92,-60,1
2024-08-19,92,-59,1
2024-08-19,92,-36,1
2024-08-19,92,-35,1
2024-08-19,92,-27,1
2024-08-19,92,-8,1
2024-08-19,92,23,1
2024-08-19,92,50,1
2024-08-19,92,55,1
2024-08-19,92,71,1
2024-08-19,92,80,1
2024-08-19,92,81,1
2024-08-19,92,87,1
2024-08-19,93,-90,1
2024-08-19,93,-85,1
2024-08-19,93,-80,1
2024-08-19,93,-74,1
2024-08-19,93,-70,1
2024-08-19,93,-45,1
2024-08-19,93,-40,1
2024-08-19,93,-33,1
2024-08-19,93,-28,1
2024-08-19,93,-22,1
2024-08-19,93,-15,1
2024-08-19,93,0,1
2024-08-19,93,1,1
2024-08-19,93,12,1
2024-08-19,93,20,1
2024-08-19,93,29,2
2024-08-19,93,35,1
2024-08-19,93,43,1
2024-08-19,93,44,2
2024-08-19,93,63,1
2024-08-19,93,78,1
2024-08-19,93,80,1
2024-08-19,93,84,1
2024-08-19,93,92,1
2024-08-19,93,95,1
2024-08-19,94,-78,2
2024-08-19,94,-59,1
2024-08-19,94,-58,1
2024-08-19,94,-50,2
2024-08-19,94,-7,1
2024-08-19,94,15,1
2024-08-19,94,19,1
2024-08-19,94,36,1
2024-08-19,94,43,1
2024-08-19,94,48,1
2024-08-19,94,58,1
2024-08-19,94,76,1
2024-08-19,94,91,1
2024-08-19,94,92,1
2024-08-19,94,97,1
2024-08-19,95,-77,1
2024-08-19,95,-75,1
2024-08-19,95,-68,1
2024-08-19,95,-59,1
2024-08-19,95,-19,1
2024-08-19,95,0,1
2024-08-19,95,1,1
2024-08-19,95,19,1
2024-08-19,95,22,1
2024-08-19,95,25,1
2024-08-19,95,28,1
2024-08-19,95,30,1
2024-08-19,95,33,1
2024-08-19,95,37,1
2024-08-19,95,45,1
2024-08-19,95,73,1
2024-08-19,95,86,1
2024-08-19,95,89,1
2024-08-19,96,-99,1
2024-08-19,96,-95,1
2024-08-19,96,-94,1
2024-08-19,96,-89,1
2024-08-19,96,-87,1
2024-08-19,96,-83,1
2024-08-19,96,-64,1
2024-08-19,96,-53,1
2024-08-19,96,-39,1
2024-08-19,96,-37,1
2024-08-19,96,-34,1
2024-08-19,96,-31,1
2024-08-19,96,-12,1
2024-08-19,96,-9,1
2024-08-19,96,-7,1
2024-08-19,96,6,1
2024-08-19,96,11,1
2024-08-19,96,39,1
2024-08-19,96,42,1
2024-08-19,96,58,1
2024-08-19,96,64,1
2024-08-19,96,79,1
2024-08-19,96,82,1
2024-08-19,96,87,1
2024-08-19,97,-90,1
2024-08-19,97,-57,1
2024-08-19,97,-27,1
2024-08-19,97,-20,1
2024-08-19,97,2,2
2024-08-19,97,23,1
2024-08-19,97,24,1
2024-08-19,97,29,1
2024-08-19,97,38,1
2024-08-19,97,44,1
2024-08-19,97,46,1
2024-08-19,97,68,1
2024-08-19,97,80,1
2024-08-19,97,84,1
2024-08-19,97,94,1
2024-08-19,97,97,1
2024-08-19,98,-92,1
2024-08-19,98,-89,1
2024-08-19,98,-85,1
2024-08-19,98,-62,1
2024-08-19,98,-57,1
2024-08-19,98,-33,1
2024-08-19,98,21,1
2024-08-19,98,22,1
2024-08-19,98,23,1
2024-08-19,98,33,1
2024-08-19,98,38,1
2024-08-19,98,62,1
2024-08-19,98,69,1
2024-08-19,98,71,1
2024-08-19,98,80,1
2024-08-19,98,90,1
2024-08-19,98,97,1
2024-08-19,99,-53,1
2024-08-19,99,-14,1
2024-08-19,99,-11,1
2024-08-19,99,-6,1
2024-08-19,99,-4,1
2024-08-19,99,11,1
2024-08-19,99,23,1
2024-08-19,99,73,1
2024-08-19,99,98,1
2024-08-20,60,-60,1
2024-08-20,60,-36,1
2024-08-20,60,-18,1
2024-08-20,60,-9,1
2024-08-20,60,-4,1
2024-08-20,60,26,1
2024-08-20,60,41,1
2024-08-20,60,48,1
2024-08-20,61,-77,1
2024-08-20,61,-73,1
2024-08-20,61,-69,1
2024-08-20,61,-54,1
2024-08-20,61,-47,1
2024-08-20,61,-34,1
2024-08-20,61,-20,2
2024-08-20,61,-18,1
2024-08-20,61,-9,1
2024-08-20,61,3,1
2024-08-20,61,46,1
2024-08-20,61,52,1
2024-08-20,61,53,1
2024-08-20,61,80,1
2024-08-20,62,-85,1
2024-08-20,62,-54,1
2024-08-20,62,-46,1
2024-08-20,62,-43,1
2024-08-20,62,-32,1
2024-08-20,62,-10,1
2024-08-20,62,0,1
2024-08-20,62,38,1
2024-08-20,62,46,1
2024-08-20,62,47,1
2024-08-20,62,63,1
2024-08-20,62,71,1
2024-08-20,62,82,2
2024-08-20,62,86,1
2024-08-20,63,-98,1
2024-08-20,63,-88,1
2024-08-20,63,-86,1
2024-08-20,63,-81,1
2024-08-20,63,-76,1
2024-08-20,63,-58,1
2024-08-20,63,-49,1
2024-08-20,63,-45,1
2024-08-20,63,-38,1
2024-08-20,63,-30,1
2024-08-20,63,-27,2
2024-08-20,63,-26,1
2024-08-20,63,0,1
2024-08-20,63,16,1
2024-08-20,63,27,1
2024-08-20,63,40,1
2024-08-20,63,41,1
2024-08-20,63,43,1
2024-08-20,63,83,1
2024-08-20,63,85,1
2024-08-20,64,-98,1
2024-08-20,64,-69,1
2024-08-20,64,-61,1
2024-08-20,64,-44,1
2024-08-20,64,-29,1
2024-08-20,64,-28,1
2024-08-20,64,-17,1
2024-08-20,64,-12,1
2024-08-20,64,5,1
2024-08-20,64,14,1
2024-08-20,64,15,1
2024-08-20,64,16,1
2024-08-20,64,28,1
2024-08-20,64,32,1
2024-08-20,64,36,1
2024-08-20,64,42,1
2024-08-20,64,47,1
2024-08-20,64,80,1
2024-08-20,64,83,1
2024-08-20,64,85,1
2024-08-20,64,94,1
2024-08-20,65,-100,1
2024-08-20,65,-99,1
2024-08-20,65,-97,1
2024-08-20,65,-73,2
2024-08-20,65,-29,1
2024-08-20,65,-21,1
2024-08-20,65,-17,1
2024-08-20,65,-9,2
2024-08-20,65,-7,1
2024-08-20,65,8,1
2024-08-20,65,18,1
2024-08-20,65,53,1
2024-08-20,65,64,1
2024-08-20,65,66,2
2024-08-20,65,76,1
2024-08-20,65,78,1
2024-08-20,65,80,1
2024-08-20,66,-84,1
2024-08-20,66,-41,1
2024-08-20,66,-38,1
2024-08-20,66,-19,1
2024-08-20,66,-13,1
2024-08-20,66,-10,1
2024-08-20,66,-3,1
2024-08-20,66,7,1
2024-08-20,66,36,1
2024-08-20,66,40,1
2024-08-20,66,46,1
2024-08-20,66,47,1
2024-08-20,66,49,1
2024-08-20,66,60,1
2024-08-20,66,67,1
2024-08-20,66,78,1
2024-08-20,66,86,1
2024-08-20,67,-88,1
2024-08-20,67,-85,1
2024-08-20,67,-84,1
2024-08-20,67,-75,1
2024-08-20,67,-74,1
2024-08-20,67,-66,1
2024-08-20,67,-47,1
2024-08-20,67,-26,1
2024-08-20,67,-17,1
2024-08-20,67,0,1
2024-08-20,67,4,1
2024-08-20,67,22,1
2024-08-20,67,23,1
2024-08-20,67,49,1
2024-08-20,67,61,1
2024-08-20,67,78,2
2024-08-20,67,81,1
2024-08-20,67,85,1
2024-08-20,68,-89,1
2024-08-20,68,-59,1
2024-08-20,68,-58,1
2024-08-20,68,-55,1
2024-08-20,68,-43,1
2024-08-20,68,-34,1
2024-08-20,68,-27,1
2024-08-20,68,2,1
2024-08-20,68,7,1
2024-08-20,68,10,2
2024-08-20,68,16,1
2024-08-20,68,19,1
2024-08-20,68,51,1
2024-08-20,68,53,1
2024-08-20,68,59,1
2024-08-20,68,79,1
2024-08-20,68,90,1
2024-08-20,68,95,1
2024-08-20,68,98,1
2024-08-20,69,-98,1
2024-08-20,69,-95,1
2024-08-20,69,-92,1
2024-08-20,69,-91,1
2024-08-20,69,-58,1
2024-08-20,69,-47,1
2024-08-20,69,-40,1
2024-08-20,69,-37,1
2024-08-20,69,-35,1
2024-08-20,69,-27,1
2024-08-20,69,0,1
2024-08-20,69,1,1
2024-08-20,69,5,1
2024-08-20,69,10,1
2024-08-20,69,42,1
2024-08-20,69,50,1
2024-08-20,69,66,1
2024-08-20,69,88,1
2024-08-20,69,89,1
2024-08-20,70,-97,1
2024-08-20,70,-80,1
2024-08-20,70,-63,1
2024-08-20,70,-49,1
2024-08-20,70,-34,1
2024-08-20,70,-30,1
2024-08-20,70,-18,1
2024-08-20,70,-12,1
2024-08-20,70,-1,1
2024-08-20,70,17,1
2024-08-20,70,36,1
2024-08-20,70,38,1
2024-08-20,70,53,1
2024-08-20,70,64,1
2024-08-20,70,71,1
2024-08-20,70,74,1
2024-08-20,70,76,1
2024-08-20,71,-97,1
2024-08-20,71,-84,1
2024-08-20,71,-61,1
2024-08-20,71,-50,1
2024-08-20,71,-45,2
2024-08-20,71,-44,1
2024-08-20,71,-43,1
2024-08-20,71,-42,1
2024-08-20,71,-32,1
2024-08-20,71,-8,1
2024-08-20,71,-5,1
2024-08-20,71,16,1
2024-08-20,71,19,1
2024-08-20,71,20,1
2024-08-20,71,21,1
2024-08-20,71,30,1
2024-08-20,71,43,1
2024-08-20,71,48,1
2024-08-20,71,64,1
2024-08-20,71,67,1
2024-08-20,71,78,1
2024-08-20,71,83,1
2024-08-20,72,-91,1
2024-08-20,72,-80,1
2024-08-20,72,-75,1
2024-08-20,72,-71,1
2024-08-20,72,-57,1
2024-08-20,72,-54,1
2024-08-20,72,-46,1
2024-08-20,72,-42,1
2024-08-20,72,-22,1
2024-08-20,72,-11,1
2024-08-20,72,9,1
2024-08-20,72,22,1
2024-08-20,72,42,1
2024-08-20,72,46,1
2024-08-20,72,51,1
2024-08-20,72,54,1
2024-08-20,72,59,1
2024-08-20,72,71,1
2024-08-20,72,99,1
2024-08-20,73,-93,1
2024-08-20,73,-85,1
2024-08-20,73,-70,1
2024-08-20,73,-66,1
2024-08-20,73,-63,1
2024-08-20,73,-61,1
2024-08-20,73,-37,1
2024-08-20,73,-26,1
2024-08-20,73,-14,1
2024-08-20,73,-2,1
2024-08-20,73,3,1
2024-08-20,73,7,1
2024-08-20,73,9,1
2024-08-20,73,18,1
2024-08-20,73,48,1
2024-08-20,73,68,1
2024-08-20,74,-74,1
2024-08-20,74,-56,1
2024-08-20,74,-52,1
2024-08-20,74,-36,1
2024-08-20,74,-23,1
2024-08-20,74,0,1
2024-08-20,74,7,2
2024-08-20,74,20,2
2024-08-20,74,27,2
2024-08-20,74,45,1
2024-08-20,74,72,1
2024-08-20,74,79,1
2024-08-20,74,94,1
2024-08-20,75,-95,1
2024-08-20,75,-85,1
2024-08-20,75,-58,1
2024-08-20,75,-52,1
2024-08-20,75,-39,1
2024-08-20,75,-18,1
2024-08-20,75,-2,1
2024-08-20,75,21,1
2024-08-20,75,57,1
2024-08-20,75,69,1
2024-08-20,76,-86,1
2024-08-20,76,-76,1
2024-08-20,76,-62,1
2024-08-20,76,-56,1
2024-08-20,76,-53,1
2024-08-20,76,-36,1
2024-08-20,76,32,1
2024-08-20,76,51,1
2024-08-20,76,62,1
2024-08-20,76,74,1
2024-08-20,76,81,1
2024-08-20,76,92,1
2024-08-20,77,-99,1
2024-08-20,77,-94,1
2024-08-20,77,-89,1
2024-08-20,77,-85,1
2024-08-20,77,-48,1
2024-08-20,77,-44,1
2024-08-20,77,-18,1
2024-08-20,77,1,1
2024-08-20,77,7,1
2024-08-20,77,10,1
2024-08-20,77,21,1
2024-08-20,77,22,1
2024-08-20,77,23,1
2024-08-20,77,29,1
2024-08-20,77,33,1
2024-08-20,77,38,1
2024-08-20,77,43,1
2024-08-20,77,56,1
2024-08-20,77,59,1
2024-08-20,77,69,1
2024-08-20,77,74,1
2024-08-20,77,80,1
2024-08-20,77,85,1
2024-08-20,78,-73,2
2024-08-20,78,-58,1
2024-08-20,78,-49,1
2024-08-20,78,-44,1
2024-08-20,78,-25,1
2024-08-20,78,-16,1
2024-08-20,78,-11,1
2024-08-20,78,-10,1
2024-08-20,78,-5,1
2024-08-20,78,6,1
2024-08-20,78,21,1
2024-08-20,78,49,2
2024-08-20,78,51,1
2024-08-20,78,54,1
2024-08-20,78,58,1
2024-08-20,78,90,1
2024-08-20,79,-99,1
2024-08-20,79,-91,1
2024-08-20,79,-67,1
2024-08-20,79,-26,1
2024-08-20,79,-24,1
2024-08-20,79,-19,1
2024-08-20,79,-17,1
2024-08-20,79,-2,1
2024-08-20,79,5,2
2024-08-20,79,6,1
2024-08-20,79,53,1
2024-08-20,79,58,2
2024-08-20,79,79,1
2024-08-20,79,80,1
2024-08-20,79,81,1
2024-08-20,79,85,1
2024-08-20,79,89,1
2024-08-20,79,93,1
2024-08-20,80,-94,1
2024-08-20,80,-91,1
2024-08-20,80,-88,1
2024-08-20,80,-83,1
2024-08-20,80,-71,1
2024-08-20,80,-57,1
2024-08-20,80,-51,1
2024-08-20,80,-45,1
2024-08-20,80,-39,1
2024-08-20,80,-27,1
2024-08-20,80,-18,1
2024-08-20,80,5,1
2024-08-20,80,6,1
2024-08-20,80,13,1
2024-08-20,80,25,1
2024-08-20,80,26,1
2024-08-20,80,27,1
2024-08-20,80,39,1
2024-08-20,80,43,1
2024-08-20,80,47,1
2024-08-20,80,64,1
2024-08-20,80,75,1
2024-08-20,80,82,1
2024-08-20,80,83,1
2024-08-20,80,98,1
2024-08-20,81,-79,1
2024-08-20,81,-75,1
2024-08-20,81,-74,1
2024-08-20,81,-71,1
2024-08-20,81,-64,1
2024-08-20,81,-60,1
2024-08-20,81,-44,1
2024-08-20,81,-34,1
2024-08-20,81,-24,1
2024-08-20,81,-23,1
2024-08-20,81,-22,1
2024-08-20,81,14,1
2024-08-20,81,25,1
2024-08-20,81,39,1
2024-08-20,81,47,2
2024-08-20,81,54,1
2024-08-20,81,59,1
2024-08-20,81,73,1
2024-08-20,81,77,1
2024-08-20,81,100,1
2024-08-20,82,-70,1
2024-08-20,82,-49,1
2024-08-20,82,5,1
2024-08-20,82,26,1
2024-08-20,82,38,1
2024-08-20,82,39,1
2024-08-20,82,45,1
2024-08-20,82,55,1
2024-08-20,82,69,1
2024-08-20,82,71,1
2024-08-20,82,74,1
2024-08-20,83,-92,1
2024-08-20,83,-91,1
2024-08-20,83,-90,1
2024-08-20,83,-89,1
2024-08-20,83,-82,1
2024-08-20,83,-51,1
2024-08-20,83,-43,1
2024-08-20,83,-26,2
2024-08-20,83,16,1
2024-08-20,83,18,1
2024-08-20,83,23,1
2024-08-20,83,48,1
2024-08-20,83,54,1
2024-08-20,83,58,1
2024-08-20,83,84,1
2024-08-20,83,86,1
2024-08-20,83,96,1
2024-08-20,84,-91,1
2024-08-20,84,-86,2
2024-08-20,84,-80,1
2024-08-20,84,-76,1
2024-08-20,84,-74,1
2024-08-20,84,-63,1
2024-08-20,84,-58,1
2024-08-20,84,-54,1
2024-08-20,84,-40,1
2024-08-20,84,-32,1
2024-08-20,84,-31,1
2024-08-20,84,-27,1
2024-08-20,84,-26,1
2024-08-20,84,12,1
2024-08-20,84,17,1
2024-08-20,84,20,1
2024-08-20,84,29,1
2024-08-20,84,49,1
2024-08-20,84,52,1
2024-08-20,84,72,1
2024-08-20,84,74,1
2024-08-20,84,82,1
2024-08-20,84,84,1
2024-08-20,84,85,1
2024-08-20,84,92,1
2024-08-20,85,-67,1
2024-08-20,85,-61,1
2024-08-20,85,-54,1
2024-08-20,85,-34,1
2024-08-20,85,0,1
2024-08-20,85,10,1
2024-08-20,85,19,1
2024-08-20,85,26,1
2024-08-20,85,32,1
2024-08-20,85,52,1
2024-08-20,86,-74,1
2024-08-20,86,-44,1
2024-08-20,86,-26,1
2024-08-20,86,-23,1
2024-08-20,86,1,1
2024-08-20,86,11,1
2024-08-20,86,23,1
2024-08-20,86,24,1
2024-08-20,86,35,1
2024-08-20,86,40,1
2024-08-20,86,45,1
2024-08-20,86,79,1
2024-08-20,87,-89,1
2024-08-20,87,-23,1
2024-08-20,87,-13,1
2024-08-20,87,-12,1
2024-08-20,87,0,1
2024-08-20,87,1,1
2024-08-20,87,19,1
2024-08-20,87,37,1
2024-08-20,87,49,1
2024-08-20,87,67,1
2024-08-20,87,86,1
2024-08-20,88,-92,1
2024-08-20,88,-86,2
2024-08-20,88,-63,1
2024-08-20,88,-49,1
2024-08-20,88,-19,1
2024-08-20,88,9,1
2024-08-20,88,13,1
2024-08-20,88,28,1
2024-08-20,88,30,1
2024-08-20,88,51,1
2024-08-20,88,61,1
2024-08-20,88,64,1
2024-08-20,88,65,1
2024-08-20,89,-80,2
2024-08-20,89,-61,1
2024-08-20,89,-47,1
2024-08-20,89,-34,1
2024-08-20,89,-28,1
2024-08-20,89,-9,1
2024-08-20,89,-4,1
2024-08-20,89,-1,1
2024-08-20,89,6,1
2024-08-20,89,13,1
2024-08-20,89,15,1
2024-08-20,89,81,1
2024-08-20,89,95,1
2024-08-20,90,-89,1
2024-08-20,90,-87,1
2024-08-20,90,-77,1
2024-08-20,90,-76,1
2024-08-20,90,-73,1
2024-08-20,90,-68,1
2024-08-20,90,-58,1
2024-08-20,90,-25,1
2024-08-20,90,-24,1
2024-08-20,90,-7,1
2024-08-20,90,-2,1
2024-08-20,90,6,1
2024-08-20,90,20,1
2024-08-20,90,23,1
2024-08-20,90,38,1
2024-08-20,90,55,1
2024-08-20,90,62,1
2024-08-20,90,68,1
2024-08-20,90,77,1
2024-08-20,90,92,1
2024-08-20,90,94,1
2024-08-20,91,-65,1
2024-08-20,91,-22,1
2024-08-20,91,-6,1
2024-08-20,91,20,1
2024-08-20,91,23,1
2024-08-20,91,28,1
2024-08-20,91,38,1
2024-08-20,91,52,1
2024-08-20,91,58,1
2024-08-20,91,69,1
2024-08-20,91,72,1
2024-08-20,91,79,1
2024-08-20,91,85,1
2024-08-20,91,88,1
2024-08-20,92,-88,1
2024-08-20,92,-86,2
2024-08-20,92,-75,1
2024-08-20,92,-22,1
2024-08-20,92,-21,1
2024-08-20,92,-16,1
2024-08-20,92,-9,1
2024-08-20,92,-5,1
2024-08-20,92,18,1
2024-08-20,92,23,1
2024-08-20,92,27,2
2024-08-20,92,50,1
2024-08-20,92,57,2
2024-08-20,92,65,1
2024-08-20,92,70,1
2024-08-20,92,71,1
2024-08-20,92,89,1
2024-08-20,93,-79,1
2024-08-20,93,-78,1
2024-08-20,93,-57,1
2024-08-20,93,-53,1
2024-08-20,93,-43,1
2024-08-20,93,-38,1
2024-08-20,93,-10,1
2024-08-20,93,0,1
2024-08-20,93,9,1
2024-08-20,93,18,1
2024-08-20,93,36,1
2024-08-20,93,45,2
2024-08-20,93,46,1
2024-08-20,93,72,1
2024-08-20,93,76,1
2024-08-20,93,92,1
2024-08-20,93,96,1
2024-08-20,93,99,1
2024-08-20,94,-92,1
2024-08-20,94,-61,1
2024-08-20,94,-38,1
2024-08-20,94,12,1
2024-08-20,94,40,1
2024-08-20,94,51,1
2024-08-20,94,68,1
2024-08-20,94,81,1
2024-08-20,94,85,1
2024-08-20,94,86,1
2024-08-20,95,-50,1
2024-08-20,95,-6,1
2024-08-20,95,-1,1
2024-08-20,95,13,1
2024-08-20,95,45,1
2024-08-20,95,67,1
2024-08-20,95,68,1
2024-08-20,95,71,1
2024-08-20,95,77,1
2024-08-20,95,85,1
2024-08-20,95,88,1
2024-08-20,95,94,1
2024-08-20,95,96,1
2024-08-20,95,97,1
2024-08-20,95,98,1
2024-08-20,96,-37,1
2024-08-20,96,-36,1
2024-08-20,96,-29,1
2024-08-20,96,-26,1
2024-08-20,96,-12,1
2024-08-20,96,-1,2
2024-08-20,96,11,1
2024-08-20,96,26,1
2024-08-20,96,29,1
2024-08-20,96,34,1
2024-08-20,96,39,1
2024-08-20,96,42,1
2024-08-20,96,45,1
2024-08-20,96,46,1
2024-08-20,96,51,1
2024-08-20,96,70,1
2024-08-20,96,77,1
2024-08-20,96,78,1
2024-08-20,96,84,2
2024-08-20,96,85,1
2024-08-20,97,-87,1
2024-08-20,97,-85,1
2024-08-20,97,-68,2
2024-08-20,97,-56,1
2024-08-20,97,-44,1
2024-08-20,97,-39,1
2024-08-20,97,-36,1
2024-08-20,97,-3,1
2024-08-20,97,5,1
2024-08-20,97,14,1
2024-08-20,97,28,1
2024-08-20,97,30,1
2024-08-20,97,34,1
2024-08-20,97,35,1
2024-08-20,97,47,1
2024-08-20,97,56,1
2024-08-20,97,61,1
2024-08-20,97,63,1
2024-08-20,97,70,1
2024-08-20,97,78,1
2024-08-20,97,95,1
2024-08-20,97,96,1
2024-08-20,97,99,1
2024-08-20,98,-97,1
2024-08-20,98,-89,1
2024-08-20,98,-56,2
2024-08-20,98,-25,1
2024-08-20,98,-21,1
2024-08-20,98,5,1
2024-08-20,98,6,1
2024-08-20,98,23,1
2024-08-20,98,35,1
2024-08-20,98,49,1
2024-08-20,98,53,1
2024-08-20,98,65,1
2024-08-20,98,87,2
2024-08-20,98,90,1
2024-08-20,98,98,1
2024-08-20,99,-72,1
2024-08-20,99,-23,1
2024-08-20,99,-9,1
2024-08-20,99,16,1
2024-08-20,99,92,1
2024-08-21,60,-88,1
2024-08-21,60,-86,1
2024-08-21,60,-73,1
2024-08-21,60,-46,1
2024-08-21,60,-31,1
2024-08-21,60,-18,1
2024-08-21,60,-4,1
2024-08-21,60,15,1
2024-08-21,60,19,1
2024-08-21,60,26,1
2024-08-21,60,27,1
2024-08-21,60,85,1
2024-08-21,61,-91,1
2024-08-21,61,-77,1
2024-08-21,61,-60,1
2024-08-21,61,-59,1
2024-08-21,61,-50,1
2024-08-21,61,-48,1
2024-08-21,61,-33,2
2024-08-21,61,-21,1
2024-08-21,61,-9,1
2024-08-21,61,19,1
2024-08-21,61,24,1
2024-08-21,61,29,1
2024-08-21,61,43,1
2024-08-21,61,44,1
2024-08-21,61,75,1
2024-08-21,61,84,1
2024-08-21,61,85,1
2024-08-21,61,96,1
2024-08-21,62,-89,1
2024-08-21,62,-61,1
2024-08-21,62,-56,1
2024-08-21,62,-36,1
2024-08-21,62,-23,1
2024-08-21,62,-17,1
2024-08-21,62,-11,1
2024-08-21,62,-10,1
2024-08-21,62,-9,1
2024-08-21,62,0,1
2024-08-21,62,16,1
2024-08-21,62,23,2
2024-08-21,62,28,1
2024-08-21,62,36,1
2024-08-21,62,45,1
2024-08-21,62,47,1
2024-08-21,62,56,1
2024-08-21,62,71,1
2024-08-21,62,83,1
2024-08-21,62,85,1
2024-08-21,62,87,1
2024-08-21,62,94,1
2024-08-21,62,97,1
2024-08-21,63,-95,1
2024-08-21,63,-93,1
2024-08-21,63,-89,1
2024-08-21,63,-87,1
2024-08-21,63,-81,1
2024-08-21,63,-80,1
2024-08-21,63,-70,1
2024-08-21,63,-66,1
2024-08-21,63,-55,1
2024-08-21,63,-41,2
2024-08-21,63,-12,1
2024-08-21,63,6,1
2024-08-21,63,22,1
2024-08-21,63,29,1
2024-08-21,63,35,1
2024-08-21,63,48,1
2024-08-21,63,54,1
2024-08-21,63,61,1
2024-08-21,63,69,1
2024-08-21,63,95,1
2024-08-21,64,-89,1
2024-08-21,64,-88,1
2024-08-21,64,-68,1
2024-08-21,64,-61,1
2024-08-21,64,-54,1
2024-08-21,64,-39,1
2024-08-21,64,-31,1
2024-08-21,64,-22,1
2024-08-21,64,-10,1
2024-08-21,64,0,1
2024-08-21,64,20,1
2024-08-21,64,22,1
2024-08-21,64,39,1
2024-08-21,64,44,1
2024-08-21,64,45,1
2024-08-21,64,55,1
2024-08-21,64,67,1
2024-08-21,64,87,1
2024-08-21,65,-99,1
2024-08-21,65,-97,1
2024-08-21,65,-82,1
2024-08-21,65,-64,1
2024-08-21,65,-59,1
2024-08-21,65,-55,1
2024-08-21,65,-26,1
2024-08-21,65,-17,1
2024-08-21,65,-9,1
2024-08-21,65,-6,1
2024-08-21,65,9,1
2024-08-21,65,16,1
2024-08-21,65,21,1
2024-08-21,65,24,1
2024-08-21,65,47,3
2024-08-21,65,52,1
2024-08-21,65,64,1
2024-08-21,65,86,1
2024-08-21,66,-92,1
2024-08-21,66,-87,1
2024-08-21,66,-69,1
2024-08-21,66,-66,1
2024-08-21,66,-56,1
2024-08-21,66,-37,1
2024-08-21,66,-21,1
2024-08-21,66,-15,1
2024-08-21,66,25,1
2024-08-21,66,29,1
2024-08-21,66,71,2
2024-08-21,66,72,1
2024-08-21,66,75,1
2024-08-21,66,76,1
2024-08-21,66,82,1
2024-08-21,66,100,1
2024-08-21,67,-75,1
2024-08-21,67,-64,1
2024-08-21,67,-62,1
2024-08-21,67,-53,1
2024-08-21,67,-46,1
2024-08-21,67,-29,1
2024-08-21,67,-20,1
2024-08-21,67,-16,1
2024-08-21,67,-13,1
2024-08-21,67,-11,1
2024-08-21,67,-3,1
2024-08-21,67,6,1
2024-08-21,67,13,1
2024-08-21,67,22,1
2024-08-21,67,37,1
2024-08-21,67,58,1
2024-08-21,67,59,1
2024-08-21,67,75,2
2024-08-21,68,-73,1
2024-08-21,68,-64,1
2024-08-21,68,-43,1
2024-08-21,68,-40,1
2024-08-21,68,-20,1
2024-08-21,68,-8,1
2024-08-21,68,12,1
2024-08-21,68,27,1
2024-08-21,68,29,1
2024-08-21,68,36,1
2024-08-21,68,40,1
2024-08-21,68,55,1
2024-08-21,68,60,1
2024-08-21,68,69,1
2024-08-21,68,77,1
2024-08-21,68,91,1
2024-08-21,69,-91,1
2024-08-21,69,-53,1
2024-08-21,69,-28,1
2024-08-21,69,-25,1
2024-08-21,69,-4,1
2024-08-21,69,-2,1
2024-08-21,69,3,1
2024-08-21,69,8,1
2024-08-21,69,10,1
2024-08-21,69,13,1
2024-08-21,69,20,1
2024-08-21,69,28,1
2024-08-21,69,56,1
2024-08-21,69,61,1
2024-08-21,69,74,1
2024-08-21,69,88,1
2024-08-21,70,-78,1
2024-08-21,70,-77,1
2024-08-21,70,-60,1
2024-08-21,70,-45,1
2024-08-21,70,-10,1
2024-08-21,70,0,1
2024-08-21,70,6,1
2024-08-21,70,8,1
2024-08-21,70,10,1
2024-08-21,70,35,1
2024-08-21,70,36,1
2024-08-21,70,61,1
2024-08-21,70,75,1
2024-08-21,70,76,1
2024-08-21,70,78,1
2024-08-21,70,87,1
2024-08-21,70,89,1
2024-08-21,71,-73,1
2024-08-21,71,-68,1
2024-08-21,71,-55,1
2024-08-21,71,-35,2
2024-08-21,71,-23,1
2024-08-21,71,-5,1
2024-08-21,71,3,1
2024-08-21,71,37,1
2024-08-21,71,49,1
2024-08-21,71,59,1
2024-08-21,71,79,1
2024-08-21,71,97,1
2024-08-21,72,-59,1
2024-08-21,72,-57,1
2024-08-21,72,-53,1
2024-08-21,72,-47,1
2024-08-21,72,-39,1
2024-08-21,72,-35,1
2024-08-21,72,-30,1
2024-08-21,72,-22,1
2024-08-21,72,-14,1
2024-08-21,72,-3,1
2024-08-21,72,-2,1
2024-08-21,72,10,2
2024-08-21,72,76,1
2024-08-21,72,79,1
2024-08-21,73,-92,1
2024-08-21,73,-81,1
2024-08-21,73,-63,1
2024-08-21,73,-42,1
2024-08-21,73,-26,1
2024-08-21,73,-20,1
2024-08-21,73,18,1
2024-08-21,73,19,1
2024-08-21,73,38,1
2024-08-21,73,48,1
2024-08-21,73,50,1
2024-08-21,73,51,1
2024-08-21,73,59,1
2024-08-21,73,75,1
2024-08-21,73,82,1
2024-08-21,74,-80,1
2024-08-21,74,-58,1
2024-08-21,74,-57,1
2024-08-21,74,-56,1
2024-08-21,74,-41,1
2024-08-21,74,9,1
2024-08-21,74,10,1
2024-08-21,74,17,1
2024-08-21,74,22,1
2024-08-21,74,26,1
2024-08-21,74,40,1
2024-08-21,74,70,1
2024-08-21,74,78,1
2024-08-21,75,-98,1
2024-08-21,75,-89,1
2024-08-21,75,-76,1
2024-08-21,75,-66,1
2024-08-21,75,-54,1
2024-08-21,75,-12,1
2024-08-21,75,8,1
2024-08-21,75,39,1
2024-08-21,75,42,1
2024-08-21,75,73,1
2024-08-21,75,78,1
2024-08-21,76,-91,1
2024-08-21,76,-69,1
2024-08-21,76,-66,1
2024-08-21,76,-62,1
2024-08-21,76,-55,1
2024-08-21,76,-44,1
2024-08-21,76,-28,1
2024-08-21,76,-24,1
2024-08-21,76,-16,1
2024-08-21,76,5,2
2024-08-21,76,8,1
2024-08-21,76,20,1
2024-08-21,76,22,1
2024-08-21,76,26,1
2024-08-21,76,39,1
2024-08-21,76,41,1
2024-08-21,76,43,1
2024-08-21,76,46,1
2024-08-21,76,76,1
2024-08-21,76,79,1
2024-08-21,76,87,1
2024-08-21,76,89,1
2024-08-21,77,-92,1
2024-08-21,77,-82,1
2024-08-21,77,-78,1
2024-08-21,77,-76,1
2024-08-21,77,-58,1
2024-08-21,77,-39,1
2024-08-21,77,-36,1
2024-08-21,77,-28,1
2024-08-21,77,-24,1
2024-08-21,77,-21,1
2024-08-21,77,0,1
2024-08-21,77,6,2
2024-08-21,77,19,1
2024-08-21,77,22,1
2024-08-21,77,35,1
2024-08-21,77,47,1
2024-08-21,77,52,1
2024-08-21,77,58,1
2024-08-21,77,94,1
2024-08-21,78,-96,1
2024-08-21,78,-81,1
2024-08-21,78,-47,1
2024-08-21,78,-39,1
2024-08-21,78,-17,1
2024-08-21,78,-7,1
2024-08-21,78,-5,1
2024-08-21,78,0,1
2024-08-21,78,5,1
2024-08-21,78,55,1
2024-08-21,78,65,1
2024-08-21,78,69,1
2024-08-21,78,72,1
2024-08-21,78,79,1
2024-08-21,78,91,2
2024-08-21,78,100,1
2024-08-21,79,-91,1
2024-08-21,79,-65,1
2024-08-21,79,-62,1
2024-08-21,79,-34,1
2024-08-21,79,-12,2
2024-08-21,79,0,1
2024-08-21,79,5,1
2024-08-21,79,33,1
2024-08-21,79,43,2
2024-08-21,79,52,1
2024-08-21,79,63,1
2024-08-21,79,71,1
2024-08-21,79,74,1
2024-08-21,79,89,1
2024-08-21,80,-90,1
2024-08-21,80,-87,1
2024-08-21,80,-83,1
2024-08-21,80,-81,1
2024-08-21,80,-68,1
2024-08-21,80,-48,1
2024-08-21,80,-45,1
2024-08-21,80,-40,1
2024-08-21,80,-17,1
2024-08-21,80,-9,1
2024-08-21,80,16,1
2024-08-21,80,34,1
2024-08-21,80,38,1
2024-08-21,80,46,1
2024-08-21,80,48,1
2024-08-21,80,50,1
2024-08-21,80,75,1
2024-08-21,80,87,1
2024-08-21,81,-99,1
2024-08-21,81,-92,1
2024-08-21,81,-83,1
2024-08-21,81,-74,1
2024-08-21,81,-53,2
2024-08-21,81,-36,1
2024-08-21,81,-33,1
2024-08-21,81,-32,1
2024-08-21,81,-31,1
2024-08-21,81,8,2
2024-08-21,81,12,1
2024-08-21,81,32,1
2024-08-21,81,37,1
2024-08-21,81,40,1
2024-08-21,81,46,1
2024-08-21,81,55,1
2024-08-21,81,69,1
2024-08-21,81,72,1
2024-08-21,81,74,1
2024-08-21,81,81,1
2024-08-21,81,84,1
2024-08-21,81,98,1
2024-08-21,82,-100,1
2024-08-21,82,-98,1
2024-08-21,82,-72,1
2024-08-21,82,-66,1
2024-08-21,82,-19,1
2024-08-21,82,1,1
2024-08-21,82,5,1
2024-08-21,82,10,1
2024-08-21,82,11,1
2024-08-21,82,22,1
2024-08-21,82,59,1
2024-08-21,82,78,1
2024-08-21,82,80,1
2024-08-21,82,82,1
2024-08-21,82,85,1
2024-08-21,82,95,1
2024-08-21,83,-98,1
2024-08-21,83,-89,1
2024-08-21,83,-84,1
2024-08-21,83,-57,1
2024-08-21,83,-34,1
2024-08-21,83,-29,1
2024-08-21,83,-25,1
2024-08-21,83,2,1
2024-08-21,83,3,1
2024-08-21,83,4,1
2024-08-21,83,5,1
2024-08-21,83,12,1
2024-08-21,83,34,1
2024-08-21,83,35,1
2024-08-21,83,39,1
2024-08-21,83,43,1
2024-08-21,83,45,1
2024-08-21,83,47,1
2024-08-21,83,52,2
2024-08-21,83,59,1
2024-08-21,83,73,1
2024-08-21,84,-21,1
2024-08-21,84,-20,1
2024-08-21,84,-16,1
2024-08-21,84,16,1
2024-08-21,84,24,1
2024-08-21,84,25,1
2024-08-21,84,47,1
2024-08-21,84,57,1
2024-08-21,84,65,1
2024-08-21,84,83,2
2024-08-21,84,91,1
2024-08-21,84,92,1
2024-08-21,85,-97,1
2024-08-21,85,-88,1
2024-08-21,85,-68,1
2024-08-21,85,-60,1
2024-08-21,85,-55,1
2024-08-21,85,-52,1
2024-08-21,85,-50,1
2024-08-21,85,-6,1
2024-08-21,85,-3,1
2024-08-21,85,1,1
2024-08-21,85,4,1
2024-08-21,85,29,1
2024-08-21,85,31,1
2024-08-21,85,36,1
2024-08-21,85,52,1
2024-08-21,85,53,1
2024-08-21,85,81,1
2024-08-21,85,91,3
2024-08-21,85,97,1
2024-08-21,86,-100,1
2024-08-21,86,-99,1
2024-08-21,86,-98,1
2024-08-21,86,-87,1
2024-08-21,86,-83,1
2024-08-21,86,-31,2
2024-08-21,86,-30,1
2024-08-21,86,-19,1
2024-08-21,86,-3,1
2024-08-21,86,17,1
2024-08-21,86,20,1
2024-08-21,86,42,1
2024-08-21,86,45,1
2024-08-21,86,47,1
2024-08-21,86,52,1
2024-08-21,86,66,1
2024-08-21,86,69,1
2024-08-21,86,75,1
2024-08-21,86,78,1
2024-08-21,86,82,1
2024-08-21,86,89,1
2024-08-21,87,-89,1
2024-08-21,87,-61,1
2024-08-21,87,-55,1
2024-08-21,87,-45,1
2024-08-21,87,-34,1
2024-08-21,87,-33,1
2024-08-21,87,-26,1
2024-08-21,87,-23,1
2024-08-21,87,-8,3
2024-08-21,87,0,1
2024-08-21,87,8,1
2024-08-21,87,21,1
2024-08-21,87,37,1
2024-08-21,87,43,1
2024-08-21,87,57,1
2024-08-21,87,70,1
2024-08-21,87,75,1
2024-08-21,87,79,2
2024-08-21,87,94,1
2024-08-21,87,99,1
2024-08-21,88,-88,1
2024-08-21,88,-84,1
2024-08-21,88,-63,1
2024-08-21,88,-24,1
2024-08-21,88,-19,1
2024-08-21,88,-3,1
2024-08-21,88,-2,1
2024-08-21,88,8,1
2024-08-21,88,16,1
2024-08-21,88,30,1
2024-08-21,88,34,1
2024-08-21,88,49,1
2024-08-21,88,67,1
2024-08-21,88,69,1
2024-08-21,88,78,1
2024-08-21,88,81,1
2024-08-21,88,99,1
2024-08-21,89,-98,1
2024-08-21,89,-96,1
2024-08-21,89,-68,1
2024-08-21,89,-63,1
2024-08-21,89,-61,1
2024-08-21,89,-42,1
2024-08-21,89,-40,1
2024-08-21,89,-33,1
2024-08-21,89,-15,1
2024-08-21,89,-14,1
2024-08-21,89,-8,1
2024-08-21,89,21,1
2024-08-21,89,22,1
2024-08-21,89,84,1
2024-08-21,89,93,1
2024-08-21,89,97,1
2024-08-21,90,-93,1
2024-08-21,90,-92,1
2024-08-21,90,-85,1
2024-08-21,90,-84,1
2024-08-21,90,-69,1
2024-08-21,90,-65,1
2024-08-21,90,-61,1
2024-08-21,90,-39,1
2024-08-21,90,-30,1
2024-08-21,90,-16,1
2024-08-21,90,-13,1
2024-08-21,90,19,1
2024-08-21,90,20,1
2024-08-21,90,87,1
2024-08-21,91,-95,1
2024-08-21,91,-86,1
2024-08-21,91,-69,1
2024-08-21,91,-24,1
2024-08-21,91,-7,1
2024-08-21,91,14,2
2024-08-21,91,21,1
2024-08-21,91,29,1
2024-08-21,91,35,1
2024-08-21,91,55,2
2024-08-21,91,86,1
2024-08-21,91,87,1
2024-08-21,91,94,1
2024-08-21,92,-97,1
2024-08-21,92,-95,1
2024-08-21,92,-83,1
2024-08-21,92,-52,2
2024-08-21,92,-41,1
2024-08-21,92,-33,1
2024-08-21,92,-5,1
2024-08-21,92,4,1
2024-08-21,92,44,1
2024-08-21,92,60,1
2024-08-21,92,61,1
2024-08-21,92,74,1
2024-08-21,92,79,1
2024-08-21,92,91,1
2024-08-21,93,-87,1
2024-08-21,93,-85,1
2024-08-21,93,-84,1
2024-08-21,93,-69,1
2024-08-21,93,-68,1
2024-08-21,93,-62,1
2024-08-21,93,-46,1
2024-08-21,93,-38,1
2024-08-21,93,-36,1
2024-08-21,93,-7,1
2024-08-21,93,6,1
2024-08-21,93,20,1
2024-08-21,93,37,1
2024-08-21,93,55,1
2024-08-21,93,67,1
2024-08-21,93,73,1
2024-08-21,94,-82,1
2024-08-21,94,-74,1
2024-08-21,94,-69,1
2024-08-21,94,-53,3
2024-08-21,94,-26,1
2024-08-21,94,-4,2
2024-08-21,94,-3,1
2024-08-21,94,0,1
2024-08-21,94,48,1
2024-08-21,94,52,1
2024-08-21,94,55,1
2024-08-21,94,79,1
2024-08-21,94,98,1
2024-08-21,95,-66,2
2024-08-21,95,-53,1
2024-08-21,95,-31,1
2024-08-21,95,27,1
2024-08-21,95,28,1
2024-08-21,95,47,1
2024-08-21,95,54,1
2024-08-21,95,55,1
2024-08-21,95,88,1
2024-08-21,95,90,1
2024-08-21,95,94,1
2024-08-21,95,98,1
2024-08-21,96,-96,1
2024-08-21,96,-90,1
2024-08-21,96,-89,1
2024-08-21,96,-85,1
2024-08-21,96,-73,1
2024-08-21,96,-57,1
2024-08-21,96,-33,1
2024-08-21,96,-31,1
2024-08-21,96,-22,1
2024-08-21,96,-5,1
2024-08-21,96,-2,1
2024-08-21,96,4,1
2024-08-21,96,15,1
2024-08-21,96,26,1
2024-08-21,96,35,2
2024-08-21,96,37,2
2024-08-21,96,46,1
2024-08-21,96,49,1
2024-08-21,96,60,1
2024-08-21,96,65,1
2024-08-21,96,90,1
2024-08-21,96,92,1
2024-08-21,96,96,1
2024-08-21,97,-86,1
2024-08-21,97,-68,1
2024-08-21,97,-66,2
2024-08-21,97,-53,1
2024-08-21,97,-47,1
2024-08-21,97,-34,1
2024-08-21,97,-33,1
2024-08-21,97,21,1
2024-08-21,97,33,1
2024-08-21,97,70,1
2024-08-21,97,72,1
2024-08-21,97,82,1
2024-08-21,98,-36,1
2024-08-21,98,-28,1
2024-08-21,98,-9,1
2024-08-21,98,-7,1
2024-08-21,98,-4,1
2024-08-21,98,-2,1
2024-08-21,98,4,1
2024-08-21,98,6,1
2024-08-21,98,13,1
2024-08-21,98,22,1
2024-08-21,98,36,1
2024-08-21,98,45,1
2024-08-21,98,47,1
2024-08-21,98,55,1
2024-08-21,98,89,1
2024-08-21,98,91,1
2024-08-21,98,93,1
2024-08-21,99,-99,1
2024-08-21,99,-63,1
2024-08-21,99,-61,1
2024-08-21,99,33,1
2024-08-21,99,41,1
2024-08-21,99,44,1
2024-08-21,99,62,1
2024-08-21,99,77,1
2024-08-21,99,83,1
